,player_id,player_display_name,position,season,carries,rushing_yards,rushing_tds,rushing_first_downs,rushing_2pt_conversions,receptions,targets,receiving_yards,receiving_tds,receiving_air_yards,receiving_yards_after_catch,receiving_first_downs,receiving_epa,fantasy_points_ppr,interceptions,sack_fumbles,sack_fumbles_lost,rushing_fumbles,rushing_fumbles_lost,receiving_fumbles,receiving_fumbles_lost,passing_yards,passing_tds,passing_2pt_conversions,receiving_2pt_conversions,gsis_id,sleeper_id,league_score
0,00-0019596,Tom Brady,QB,24264,20,-7.0,0,1.0,0,0,1,0.0,0,16.0,0.0,0.0,-4.726016435190104,188.57999999999998,3.0,2,1,1.0,1.0,0.0,0.0,3332.0,16,1,0,00-0019596,167,188.57999701052904
1,00-0023459,Aaron Rodgers,QB,26286,20,67.0,0,5.0,0,0,0,0.0,0,0.0,0.0,0.0,0.0,187.26,9.0,4,2,2.0,2.0,0.0,0.0,2864.0,22,2,0,00-0023459,96,190.25999753922224
2,00-0024243,Marcedes Lewis,TE,8088,0,0.0,0,0.0,0,3,4,20.0,1,21.0,5.0,2.0,1.1725024209008552,13.0,0.0,0,0,0.0,0.0,0.0,0.0,0.0,0,0,1,00-0024243,111,11.500000029802322
3,00-0026143,Matt Ryan,QB,22242,24,70.0,1,9.0,0,0,0,0.0,0,0.0,0.0,0.0,0.0,144.0,13.0,11,3,3.0,2.0,0.0,0.0,2875.0,13,0,0,00-0026143,24,142.99999753385782
4,00-0026158,Joe Flacco,QB,6066,3,6.0,0,1.0,0,0,0,0.0,0,0.0,0.0,0.0,0.0,44.64,3.0,4,3,0.0,0.0,0.0,0.0,901.0,5,0,0,00-0026158,19,43.63999920338392
5,00-0026189,DeSean Jackson,WR,6066,0,0.0,0,0.0,0,5,8,100.0,0,180.0,13.0,3.0,5.208808276744094,15.0,0.0,0,0,0.0,0.0,0.0,0.0,0.0,0,0,0,00-0026189,147,12.500000149011612
6,00-0026197,Chad Henne,QB,2022,3,-3.0,0,0.0,0,0,0,0.0,0,0.0,0.0,0.0,0.0,-0.30000000000000004,0.0,0,0,0.0,0.0,0.0,0.0,0.0,0,0,0,00-0026197,89,-0.30000000447034836
7,00-0026498,Matthew Stafford,QB,18198,13,9.0,1,3.0,0,0,0,0.0,0,0.0,0.0,0.0,0.0,108.38000000000001,8.0,4,3,1.0,0.0,0.0,0.0,2087.0,10,0,0,00-0026498,421,111.37999814748764
8,00-0026544,Chase Daniel,QB,2022,0,0.0,0,0.0,0,0,0,0.0,0,0.0,0.0,0.0,0.0,0.0,0.0,0,0,0.0,0.0,0.0,0.0,0.0,0,0,0,00-0026544,490,0.0
9,00-0026625,Brian Hoyer,QB,2022,0,0.0,0,0.0,0,0,0,0.0,0,0.0,0.0,0.0,0.0,1.48,0.0,0,0,0.0,0.0,0.0,0.0,37.0,0,0,0,00-0026625,345,1.4799999669194221
10,00-0027688,Colt McCoy,QB,4044,7,10.0,0,3.0,0,0,0,0.0,0,0.0,0.0,0.0,0.0,21.240000000000002,1.0,0,0,1.0,0.0,0.0,0.0,456.0,1,0,0,00-0027688,533,21.23999960720539
11,00-0027942,A.J. Green,WR,18198,0,0.0,0,0.0,0,18,36,121.0,1,389.0,13.0,9.0,-13.159109444771644,38.1,0.0,0,0,0.0,0.0,0.0,0.0,0.0,0,0,1,00-0027942,830,29.10000018030405
12,00-0027944,Julio Jones,WR,14154,4,32.0,0,3.0,0,17,31,246.0,2,475.0,98.0,11.0,9.401235065459995,56.8,0.0,0,0,0.0,0.0,0.0,0.0,0.0,0,0,0,00-0027944,947,48.30000041425228
13,00-0027966,Mark Ingram,RB,20220,62,233.0,1,12.0,1,16,18,68.0,0,-17.0,78.0,2.0,-8.766475274111144,50.1,0.0,0,0,1.0,1.0,1.0,1.0,0.0,0,0,0,00-0027966,956,40.10000044852495
14,00-0027973,Andy Dalton,QB,20220,24,54.0,0,4.0,0,0,0,0.0,0,0.0,0.0,0.0,0.0,141.48,7.0,2,1,1.0,0.0,0.0,0.0,2252.0,15,1,0,00-0027973,829,145.47999806702137
15,00-0027981,Kyle Rudolph,TE,8088,0,0.0,0,0.0,0,2,4,20.0,0,30.0,3.0,1.0,-0.0705906986258924,4.0,0.0,0,0,0.0,0.0,0.0,0.0,0.0,0,0,0,00-0027981,943,3.0000000298023224
16,00-0028002,Randall Cobb,WR,18198,0,0.0,0,0.0,0,26,40,349.0,1,422.0,160.0,16.0,17.044027047070657,66.9,0.0,0,0,0.0,0.0,1.0,0.0,0.0,0,0,0,00-0028002,928,52.900000520050526
17,00-0028118,Tyrod Taylor,QB,2022,3,30.0,0,3.0,0,0,0,0.0,0,0.0,0.0,0.0,0.0,1.44,1.0,0,0,1.0,0.0,0.0,0.0,11.0,0,0,0,00-0028118,827,1.4400000348687172
18,00-0028986,Case Keenum,QB,4044,5,0.0,0,0.0,0,0,0,0.0,0,0.0,0.0,0.0,0.0,0.32,0.0,0,0,0.0,0.0,0.0,0.0,8.0,0,0,0,00-0028986,1737,0.3199999928474426
19,00-0029000,Cole Beasley,WR,4044,0,0.0,0,0.0,0,4,5,17.0,0,12.0,10.0,1.0,-0.5589322131127119,5.7,0.0,0,0,0.0,0.0,0.0,0.0,0.0,0,0,0,00-0029000,,3.700000025331974
20,00-0029239,Brandon Bolden,RB,12132,8,34.0,0,1.0,0,9,9,57.0,1,30.0,27.0,2.0,1.0231501434346804,24.1,0.0,0,0,0.0,0.0,0.0,0.0,0.0,0,0,0,00-0029239,1034,19.600000135600567
21,00-0029263,Russell Wilson,QB,22242,37,158.0,1,11.0,0,1,1,1.0,0,-1.0,2.0,0.0,-0.38463787781074643,145.22,5.0,3,1,2.0,0.0,0.0,0.0,2558.0,8,0,0,00-0029263,1234,144.71999794989824
22,00-0029293,Marvin Jones,WR,22242,0,0.0,0,0.0,0,32,57,385.0,2,785.0,64.0,21.0,9.81383766066651,82.5,0.0,0,0,0.0,0.0,0.0,0.0,0.0,0,0,0,00-0029293,1067,66.5000005736947
23,00-0029604,Kirk Cousins,QB,24264,25,58.0,2,8.0,0,0,0,0.0,0,0.0,0.0,0.0,0.0,189.12,9.0,4,2,1.0,0.0,0.0,0.0,2933.0,18,2,0,00-0029604,1166,193.1199974641204
24,00-0029664,Josh Gordon,WR,2022,0,0.0,0,0.0,0,0,1,0.0,0,12.0,0.0,0.0,-0.4884473676793277,0.0,0.0,0,0,0.0,0.0,0.0,0.0,0.0,0,0,0,00-0029664,1244,0.0
25,00-0029701,Ryan Tannehill,QB,20220,29,81.0,1,10.0,0,0,0,0.0,0,0.0,0.0,0.0,0.0,136.78,4.0,1,0,1.0,1.0,0.0,0.0,2117.0,12,0,0,00-0029701,1049,138.7799982279539
26,00-0029892,Kyle Juszczyk,FB,20220,5,14.0,1,3.0,0,16,20,167.0,1,63.0,116.0,8.0,5.264944434107747,46.1,0.0,0,0,0.0,0.0,0.0,0.0,0.0,0,0,0,00-0029892,1379,38.10000026971102
27,00-0030035,Adam Thielen,WR,24264,0,0.0,0,0.0,0,56,83,580.0,3,802.0,116.0,36.0,8.672277380260294,134.0,0.0,0,0,0.0,0.0,0.0,0.0,0.0,0,0,1,00-0030035,1689,106.00000086426735
28,00-0030061,Zach Ertz,TE,20220,0,0.0,0,0.0,0,47,69,406.0,4,548.0,130.0,24.0,6.274928354410032,115.60000000000001,0.0,0,0,0.0,0.0,0.0,0.0,0.0,0,0,2,00-0030061,1339,92.10000060498714
29,00-0030068,Marquise Goodwin,WR,18198,1,7.0,0,0.0,0,20,27,282.0,3,287.0,92.0,13.0,21.75529869666849,66.9,0.0,0,0,0.0,0.0,0.0,0.0,0.0,0,0,0,00-0030068,1346,56.90000043064356
30,00-0030074,David Bakhtiari,T,2022,0,0.0,0,0.0,0,0,1,0.0,0,1.0,0.0,0.0,-5.991489895153791,0.0,0.0,0,0,0.0,0.0,0.0,0.0,0.0,0,0,0,00-0030074,,0.0
31,00-0030108,Ryan Griffin,TE,10110,0,0.0,0,0.0,0,3,6,24.0,0,47.0,9.0,1.0,-1.3435558804194443,5.4,0.0,0,0,0.0,0.0,0.0,0.0,0.0,0,0,0,00-0030108,1425,3.900000035762787
32,00-0030279,Keenan Allen,WR,10110,0,0.0,0,0.0,0,22,35,308.0,2,386.0,81.0,14.0,7.698544744407561,62.800000000000004,0.0,0,0,0.0,0.0,1.0,1.0,0.0,0,0,0,00-0030279,1479,50.800000458955765
33,00-0030288,Rex Burkhead,RB,20220,24,83.0,0,4.0,0,28,37,164.0,1,51.0,162.0,7.0,-10.002186832983242,58.7,0.0,0,0,0.0,0.0,0.0,0.0,0.0,0,0,0,00-0030288,1387,44.70000036805868
34,00-0030431,Robert Woods,WR,24264,0,0.0,0,0.0,0,33,61,357.0,1,503.0,116.0,22.0,2.773196864689463,74.7,0.0,0,0,0.0,0.0,0.0,0.0,0.0,0,0,0,00-0030431,1352,58.200000531971455
35,00-0030506,Travis Kelce,TE,24264,2,5.0,0,1.0,0,77,108,968.0,12,753.0,468.0,58.0,54.34245137188722,246.3,0.0,0,0,0.0,0.0,1.0,1.0,0.0,0,0,1,00-0030506,1466,206.80000144988298
36,00-0030513,Latavius Murray,RB,16176,104,405.0,4,20.0,0,17,19,84.0,0,-34.0,116.0,2.0,-2.7166121880393486,89.9,0.0,0,0,0.0,0.0,0.0,0.0,0.0,0,0,0,00-0030513,1476,81.40000072866678
37,00-0030564,DeAndre Hopkins,WR,12132,0,0.0,0,0.0,0,49,64,574.0,3,640.0,126.0,27.0,26.971204426791754,124.4,0.0,0,0,0.0,0.0,1.0,0.0,0.0,0,0,0,00-0030564,1426,98.90000085532665
38,00-0030565,Geno Smith,QB,24264,52,243.0,1,16.0,0,0,0,0.0,0,0.0,0.0,0.0,0.0,225.06,6.0,3,2,3.0,2.0,0.0,0.0,3169.0,22,0,0,00-0030565,1373,225.05999752879143
39,00-0030578,Cordarrelle Patterson,RB,18198,108,566.0,5,32.0,0,11,16,65.0,0,33.0,48.0,3.0,-13.318284067056288,108.10000000000001,0.0,0,0,1.0,1.0,0.0,0.0,0.0,0,0,0,00-0030578,1535,95.60000094026327
40,00-0030874,Damien Williams,RB,2022,2,2.0,0,0.0,0,0,0,0.0,0,0.0,0.0,0.0,0.0,0.2,0.0,0,0,0.0,0.0,0.0,0.0,0.0,0,0,0,00-0030874,1833,0.20000000298023224
41,00-0030968,Keith Smith,FB,4044,1,2.0,0,1.0,0,1,2,8.0,0,2.0,8.0,0.0,-1.6073799715081623,2.0,0.0,0,0,0.0,0.0,0.0,0.0,0.0,0,0,0,00-0030968,2073,1.5000000149011612
42,00-0031236,Brandin Cooks,WR,20220,2,7.0,0,0.0,0,44,71,520.0,1,668.0,168.0,21.0,-2.651726278075845,102.7,0.0,0,0,0.0,0.0,0.0,0.0,0.0,0,0,0,00-0031236,2197,80.7000007852912
43,00-0031237,Teddy Bridgewater,QB,8088,2,21.0,0,2.0,0,0,0,0.0,0,0.0,0.0,0.0,0.0,28.979999999999997,3.0,0,0,0.0,0.0,0.0,0.0,522.0,3,0,0,00-0031237,2152,31.97999956458807
44,00-0031260,Logan Thomas,TE,18198,0,0.0,0,0.0,0,24,40,210.0,1,301.0,79.0,10.0,-9.460489425122704,51.0,0.0,0,0,0.0,0.0,0.0,0.0,0.0,0,0,0,00-0031260,2251,39.000000312924385
45,00-0031273,Cameron Brate,TE,14154,0,0.0,0,0.0,0,16,29,137.0,0,177.0,52.0,7.0,-1.3601906038818565,29.7,0.0,0,0,0.0,0.0,0.0,0.0,0.0,0,0,0,00-0031273,2214,21.70000020414591
46,00-0031280,Derek Carr,QB,24264,17,77.0,0,8.0,0,0,0,0.0,0,0.0,0.0,0.0,0.0,190.9,8.0,2,0,1.0,0.0,0.0,0.0,2980.0,20,0,0,00-0031280,2028,195.89999745041132
47,00-0031325,Sammy Watkins,WR,14154,0,0.0,0,0.0,0,13,22,206.0,0,264.0,64.0,9.0,6.508779262485716,33.6,0.0,0,0,0.0,0.0,0.0,0.0,0.0,0,0,0,00-0031325,1817,27.10000030696392
48,00-0031345,Jimmy Garoppolo,QB,22242,23,33.0,2,11.0,0,0,0,0.0,0,0.0,0.0,0.0,0.0,164.78,4.0,1,1,1.0,1.0,0.0,0.0,2437.0,16,0,0,00-0031345,1837,166.77999787032604
49,00-0031376,Jerick McKinnon,RB,24264,47,200.0,0,7.0,0,31,42,247.0,2,24.0,272.0,13.0,-1.5082407611971158,85.7,0.0,0,0,0.0,0.0,1.0,1.0,0.0,0,0,0,00-0031376,2161,69.2000006660819
50,00-0031381,Davante Adams,WR,24264,3,-1.0,0,0.0,0,79,135,1176.0,12,1524.0,407.0,52.0,47.67756728054234,268.5,0.0,0,0,0.0,0.0,1.0,0.0,0.0,0,0,0,00-0031381,2133,228.00000175088644
51,00-0031382,Jarvis Landry,WR,16176,0,0.0,0,0.0,0,25,38,272.0,1,366.0,61.0,12.0,-7.051182409529741,60.2,0.0,0,0,0.0,0.0,0.0,0.0,0.0,0,0,1,00-0031382,1825,47.700000405311584
52,00-0031384,Richard Rodgers,TE,6066,0,0.0,0,0.0,0,1,4,4.0,0,-4.0,3.0,0.0,-2.8901569989684504,1.4,0.0,0,0,0.0,0.0,0.0,0.0,0.0,0,0,0,00-0031384,2146,0.9000000059604645
53,00-0031408,Mike Evans,WR,22242,0,0.0,0,0.0,0,55,89,761.0,3,1172.0,140.0,37.0,28.29465887902188,149.1,0.0,0,0,0.0,0.0,0.0,0.0,0.0,0,0,0,00-0031408,2216,121.60000113397837
54,00-0031428,Allen Robinson,WR,20220,0,0.0,0,0.0,0,33,52,339.0,3,502.0,71.0,23.0,9.003204972820457,84.9,0.0,0,0,0.0,0.0,0.0,0.0,0.0,0,0,0,00-0031428,1992,68.40000050514936
55,00-0031484,Chris Manhertz,TE,10110,0,0.0,0,0.0,0,5,7,21.0,0,20.0,15.0,1.0,-1.891989678144455,7.1,0.0,0,0,0.0,0.0,0.0,0.0,0.0,0,0,0,00-0031484,3048,4.6000000312924385
56,00-0031503,Jameis Winston,QB,6066,5,16.0,0,0.0,0,0,0,0.0,0,0.0,0.0,0.0,0.0,43.92,5.0,1,0,2.0,0.0,0.0,0.0,858.0,4,1,0,00-0031503,2306,45.91999925673008
57,00-0031544,Amari Cooper,WR,24264,0,0.0,0,0.0,0,61,102,832.0,7,1236.0,204.0,46.0,31.7365051273164,184.2,1.0,0,0,0.0,0.0,0.0,0.0,0.0,0,0,0,00-0031544,2309,154.7000012397766
58,00-0031545,Kevin White,WR,8088,0,0.0,0,0.0,0,2,5,74.0,0,91.0,68.0,2.0,2.513822603505105,9.4,0.0,0,0,0.0,0.0,0.0,0.0,0.0,0,0,0,00-0031545,2312,8.400000110268593
59,00-0031547,DeVante Parker,WR,20220,0,0.0,0,0.0,0,23,38,436.0,1,605.0,92.0,18.0,7.23634349501587,72.60000000000001,0.0,0,0,0.0,0.0,0.0,0.0,0.0,0,0,0,00-0031547,2319,61.10000064969063
60,00-0031549,Nelson Agholor,WR,20220,0,0.0,0,0.0,0,25,35,327.0,2,411.0,128.0,10.0,0.4233794258917425,65.7,0.0,0,0,0.0,0.0,2.0,2.0,0.0,0,0,0,00-0031549,2325,51.20000048726797
61,00-0031558,Maxx Williams,TE,2022,0,0.0,0,0.0,0,1,1,7.0,0,3.0,4.0,0.0,0.37591450987383723,1.7000000000000002,0.0,0,0,0.0,0.0,0.0,0.0,0.0,0,0,0,00-0031558,2360,1.2000000104308128
62,00-0031585,MyCole Pruitt,TE,12132,0,0.0,0,0.0,0,7,8,47.0,3,28.0,29.0,5.0,5.023908845556434,29.7,0.0,0,0,0.0,0.0,0.0,0.0,0.0,0,0,0,00-0031585,2446,26.200000070035458
63,00-0031588,Stefon Diggs,WR,24264,0,0.0,0,0.0,0,91,128,1202.0,10,1415.0,371.0,61.0,64.04921800932412,271.2,0.0,0,0,0.0,0.0,1.0,0.0,0.0,0,0,0,00-0031588,2449,224.70000179111958
64,00-0031595,Michael Burton,FB,10110,4,7.0,0,2.0,0,2,3,11.0,0,-2.0,8.0,0.0,-0.25816596730146557,3.8,0.0,0,0,0.0,0.0,0.0,0.0,0.0,0,0,0,00-0031595,2471,2.80000002682209
65,00-0031610,Darren Waller,TE,8088,0,0.0,0,0.0,0,16,24,175.0,1,273.0,47.0,9.0,-4.478944428666313,39.5,0.0,0,0,0.0,0.0,0.0,0.0,0.0,0,0,0,00-0031610,2505,31.50000026077032
66,00-0031687,Raheem Mostert,RB,22242,125,573.0,3,30.0,0,17,26,119.0,1,43.0,96.0,5.0,1.0661294264808003,110.2,0.0,0,0,0.0,0.0,0.0,0.0,0.0,0,0,0,00-0031687,2749,101.70000103116035
67,00-0031690,Eric Tomlinson,TE,10110,0,0.0,0,0.0,0,3,6,37.0,0,42.0,17.0,2.0,1.6540355346514843,6.699999999999999,0.0,0,0,0.0,0.0,0.0,0.0,0.0,0,0,0,00-0031690,2755,5.200000055134296
68,00-0031763,DeAndre Carter,WR,24264,1,-5.0,0,0.0,0,39,53,466.0,3,493.0,155.0,26.0,21.40610976166423,103.10000000000001,0.0,0,0,0.0,0.0,0.0,0.0,0.0,0,0,0,00-0031763,2750,83.60000068694353
69,00-0031787,Jake Kumerow,WR,8088,0,0.0,0,0.0,0,4,7,64.0,0,90.0,17.0,4.0,2.8402738700388,10.4,0.0,0,0,0.0,0.0,0.0,0.0,0.0,0,0,0,00-0031787,2821,8.400000095367432
70,00-0031800,Taylor Heinicke,QB,14154,23,67.0,1,4.0,0,0,0,0.0,0,0.0,0.0,0.0,0.0,92.46000000000001,5.0,3,2,1.0,0.0,0.0,0.0,1444.0,9,0,0,00-0031800,2711,93.45999880880117
71,00-0031806,Malcolm Brown,RB,6066,14,34.0,0,0.0,0,2,2,23.0,0,-6.0,29.0,2.0,2.5304328681668267,7.700000000000001,0.0,0,0,0.0,0.0,0.0,0.0,0.0,0,0,0,00-0031806,,6.700000084936619
72,00-0031868,Damiere Byrd,WR,16176,0,0.0,0,0.0,0,10,17,241.0,2,369.0,99.0,8.0,9.979302038613241,46.1,0.0,0,0,0.0,0.0,0.0,0.0,0.0,0,0,0,00-0031868,2673,41.100000359117985
73,00-0031941,Jamison Crowder,WR,8088,0,0.0,0,0.0,0,6,13,60.0,0,121.0,30.0,4.0,-1.0964831524179317,12.0,0.0,0,0,0.0,0.0,0.0,0.0,0.0,0,0,0,00-0031941,2410,9.000000089406967
74,00-0032054,Breshad Perriman,WR,14154,2,-7.0,0,0.0,0,8,17,101.0,1,229.0,45.0,4.0,-3.007061932014599,21.400000000000002,0.0,0,0,1.0,0.0,1.0,1.0,0.0,0,0,0,00-0032054,2331,15.400000140070915
75,00-0032058,Tevin Coleman,RB,4044,12,26.0,1,2.0,0,3,3,44.0,1,24.0,20.0,2.0,5.230903412215412,22.0,0.0,0,0,0.0,0.0,0.0,0.0,0.0,0,0,0,00-0032058,,20.50000010430813
76,00-0032063,Mike Davis,RB,10110,8,18.0,0,1.0,0,2,2,4.0,0,-7.0,11.0,0.0,-1.0404177822638303,4.2,0.0,0,0,1.0,0.0,0.0,0.0,0.0,0,0,0,00-0032063,2431,2.2000000327825546
77,00-0032104,Ameer Abdullah,RB,18198,4,20.0,0,2.0,0,18,24,143.0,1,81.0,139.0,5.0,-5.043617010754174,40.300000000000004,0.0,0,0,0.0,0.0,0.0,0.0,0.0,0,0,0,00-0032104,2359,31.300000242888927
78,00-0032128,Chris Conley,WR,4044,0,0.0,0,0.0,0,0,3,0.0,0,44.0,0.0,0.0,-3.2146825388772413,0.0,0.0,0,0,0.0,0.0,0.0,0.0,0.0,0,0,0,00-0032128,,0.0
79,00-0032134,C.J. Uzomah,TE,16176,0,0.0,0,0.0,0,14,15,130.0,0,57.0,83.0,5.0,6.52595176093746,27.0,0.0,0,0,0.0,0.0,0.0,0.0,0.0,0,0,0,00-0032134,2460,20.000000193715096
80,00-0032141,Geoff Swaim,TE,16176,0,0.0,0,0.0,0,9,13,50.0,1,32.0,37.0,3.0,-0.9914664673560765,20.0,0.0,0,0,0.0,0.0,0.0,0.0,0.0,0,0,0,00-0032141,2545,15.500000074505806
81,00-0032144,Melvin Gordon,RB,20220,90,318.0,2,15.0,0,25,32,223.0,0,23.0,206.0,11.0,1.0003796159971676,87.1,0.0,0,0,4.0,2.0,1.0,0.0,0.0,0,0,0,00-0032144,2320,69.60000080615282
82,00-0032156,Trevor Siemian,QB,4044,4,8.0,0,1.0,0,0,0,0.0,0,0.0,0.0,0.0,0.0,10.16,1.0,0,0,0.0,0.0,0.0,0.0,184.0,1,0,0,00-0032156,2549,11.15999984741211
83,00-0032187,David Johnson,RB,2022,1,-4.0,0,0.0,0,1,1,11.0,0,-1.0,12.0,1.0,0.6182224771473557,1.7000000000000002,0.0,0,0,0.0,0.0,0.0,0.0,0.0,0,0,0,00-0032187,2391,1.2000000104308128
84,00-0032200,Ty Montgomery,WR,2022,2,-2.0,0,0.0,0,3,4,15.0,1,13.0,7.0,1.0,2.1808464441564865,10.3,0.0,0,0,0.0,0.0,0.0,0.0,0.0,0,0,0,00-0032200,2399,8.80000001937151
85,00-0032208,Phillip Dorsett,WR,20220,0,0.0,0,0.0,0,12,27,180.0,1,348.0,31.0,7.0,-1.6500406880513765,36.0,0.0,0,0,0.0,0.0,0.0,0.0,0.0,0,0,0,00-0032208,2334,30.0000002682209
86,00-0032211,Tyler Lockett,WR,24264,0,0.0,0,0.0,0,66,90,836.0,7,972.0,235.0,40.0,34.79879909634505,189.6,0.0,0,0,0.0,0.0,1.0,1.0,0.0,0,0,0,00-0032211,2374,155.60000124573708
87,00-0032214,Tyler Kroft,TE,6066,0,0.0,0,0.0,0,3,4,29.0,0,53.0,3.0,1.0,0.8700378307839856,5.9,0.0,0,0,0.0,0.0,0.0,0.0,0.0,0,0,0,00-0032214,2390,4.4000000432133675
88,00-0032257,Duke Johnson,RB,2022,2,4.0,0,1.0,0,0,0,0.0,0,0.0,0.0,0.0,0.0,0.4,0.0,0,0,0.0,0.0,0.0,0.0,0.0,0,0,0,00-0032257,2382,0.4000000059604645
89,00-0032268,Marcus Mariota,QB,26286,85,438.0,4,30.0,0,0,0,0.0,0,0.0,0.0,0.0,0.0,196.56,9.0,4,1,4.0,2.0,0.0,0.0,2219.0,15,2,0,00-0032268,2307,197.55999866873026
90,00-0032385,Sterling Shepard,WR,6066,0,0.0,0,0.0,0,13,24,154.0,1,225.0,55.0,4.0,-3.1267536524625896,34.400000000000006,0.0,0,0,0.0,0.0,0.0,0.0,0.0,0,0,0,00-0032385,3200,27.900000229477882
91,00-0032392,Austin Hooper,TE,24264,0,0.0,0,0.0,0,27,38,279.0,2,314.0,77.0,17.0,19.966736495262012,66.9,0.0,0,0,0.0,0.0,0.0,0.0,0.0,0,0,0,00-0032392,3202,53.4000004157424
92,00-0032394,Nick Vannett,TE,4044,0,0.0,0,0.0,0,2,2,13.0,0,10.0,3.0,0.0,0.21190732717514038,3.3,0.0,0,0,0.0,0.0,0.0,0.0,0.0,0,0,0,00-0032394,,2.3000000193715096
93,00-0032398,Chris Moore,WR,20220,2,5.0,0,0.0,0,27,40,314.0,2,289.0,191.0,12.0,7.355258914230912,70.9,0.0,0,0,0.0,0.0,0.0,0.0,0.0,0,0,0,00-0032398,3269,57.40000047534704
94,00-0032434,Brandon Allen,QB,2022,3,-1.0,0,1.0,0,0,0,0.0,0,0.0,0.0,0.0,0.0,0.78,0.0,0,0,0.0,0.0,0.0,0.0,22.0,0,0,0,00-0032434,3357,0.7799999788403511
95,00-0032436,Jeff Driskel,QB,4044,2,15.0,0,2.0,0,0,0,0.0,0,0.0,0.0,0.0,0.0,1.5,0.0,0,0,0.0,0.0,0.0,0.0,0.0,0,0,0,00-0032436,3362,1.5000000223517418
96,00-0032450,Dwayne Washington,RB,6066,11,38.0,0,2.0,0,1,1,7.0,0,1.0,6.0,0.0,0.5391689892858267,5.5,0.0,0,0,0.0,0.0,0.0,0.0,0.0,0,0,0,00-0032450,3391,5.000000067055225
97,00-0032464,Kalif Raymond,WR,22242,5,24.0,0,2.0,0,32,46,382.0,0,451.0,155.0,15.0,6.656167126079926,70.60000000000001,0.0,0,0,0.0,0.0,1.0,1.0,0.0,0,0,0,00-0032464,3634,53.600000604987144
98,00-0032496,Matthias Farley,FS,2022,1,-3.0,0,0.0,0,0,0,0.0,0,0.0,0.0,0.0,0.0,-0.30000000000000004,0.0,0,0,0.0,0.0,0.0,0.0,0.0,0,0,0,00-0032496,,-0.30000000447034836
99,00-0032602,J.D. McKissic,RB,16176,22,95.0,0,5.0,0,27,40,173.0,0,50.0,152.0,7.0,-17.90223909171135,55.800000000000004,0.0,0,0,0.0,0.0,0.0,0.0,0.0,0,0,1,00-0032602,3664,42.30000039935112
100,00-0032688,Robbie Anderson,WR,18198,0,0.0,0,0.0,0,15,37,219.0,1,508.0,74.0,6.0,-10.171475529146846,40.900000000000006,0.0,0,0,0.0,0.0,1.0,1.0,0.0,0,0,0,00-0032688,3423,32.40000032633543
101,00-0032725,Stephen Anderson,TE,6066,0,0.0,0,0.0,0,1,3,2.0,0,24.0,0.0,0.0,-1.7967291921377182,1.2,0.0,0,0,0.0,0.0,0.0,0.0,0.0,0,0,0,00-0032725,3496,0.7000000029802322
102,00-0032764,Derrick Henry,RB,24264,258,1078.0,10,46.0,0,23,29,286.0,0,5.0,277.0,7.0,15.73741013149998,223.56,0.0,0,0,1.0,0.0,1.0,0.0,4.0,1,0,0,00-0032764,3198,210.0600020289421
103,00-0032765,Michael Thomas,WR,6066,0,0.0,0,0.0,0,16,22,171.0,3,237.0,21.0,13.0,16.696307317644823,51.1,0.0,0,0,0.0,0.0,0.0,0.0,0.0,0,0,0,00-0032765,3199,43.100000254809856
104,00-0032775,Demarcus Robinson,WR,22242,0,0.0,0,0.0,0,33,50,338.0,1,474.0,119.0,16.0,8.356958636276769,72.8,0.0,0,0,0.0,0.0,0.0,0.0,0.0,0,0,0,00-0032775,3286,56.30000050365925
105,00-0032780,Jordan Howard,RB,2022,1,1.0,0,0.0,0,0,0,0.0,0,0.0,0.0,0.0,0.0,0.1,0.0,0,0,0.0,0.0,0.0,0.0,0.0,0,0,0,00-0032780,3306,0.10000000149011612
106,00-0032792,Nate Sudfeld,QB,2022,2,-1.0,0,0.0,0,0,0,0.0,0,0.0,0.0,0.0,0.0,-0.1,0.0,0,0,0.0,0.0,0.0,0.0,0.0,0,0,0,00-0032792,3343,-0.10000000149011612
107,00-0032807,Clayton Fejedelem,SS,2022,1,0.0,0,0.0,0,0,0,0.0,0,0.0,0.0,0.0,0.0,0.0,0.0,0,0,0.0,0.0,0.0,0.0,0.0,0,0,0,00-0032807,,0.0
108,00-0032897,Derek Watt,FB,12132,5,15.0,0,5.0,0,5,5,11.0,1,7.0,4.0,1.0,1.588965836854186,13.600000000000001,0.0,0,0,0.0,0.0,0.0,0.0,0.0,0,0,0,00-0032897,3354,11.100000038743019
109,00-0032918,C.J. Ham,FB,10110,2,6.0,1,2.0,0,3,5,21.0,0,28.0,26.0,2.0,-0.13084791088476777,11.7,0.0,0,0,0.0,0.0,0.0,0.0,0.0,0,0,0,00-0032918,3832,10.200000040233135
110,00-0032943,Riley Dixon,P,4044,0,0.0,0,0.0,0,0,0,0.0,0,0.0,0.0,0.0,0.0,0.72,0.0,0,0,0.0,0.0,0.0,0.0,18.0,0,0,0,00-0032943,,0.7199999839067459
111,00-0032950,Carson Wentz,QB,12132,19,79.0,0,3.0,0,0,0,0.0,0,0.0,0.0,0.0,0.0,97.46000000000001,6.0,4,1,2.0,0.0,0.0,0.0,1489.0,10,2,0,00-0032950,3161,97.45999878644943
112,00-0032951,Laquon Treadwell,WR,2022,0,0.0,0,0.0,0,1,1,1.0,0,-2.0,3.0,0.0,-0.46519945200998336,1.1,0.0,0,0,0.0,0.0,0.0,0.0,0.0,0,0,0,00-0032951,3155,0.6000000014901161
113,00-0032958,Will Parks,FS,2022,0,0.0,0,0.0,0,0,0,0.0,0,0.0,0.0,0.0,0.0,6.0,0.0,0,0,0.0,0.0,0.0,0.0,0.0,0,0,0,00-0032958,,0.0
114,00-0032975,Jonathan Williams,RB,8088,11,77.0,0,5.0,0,0,0,0.0,0,0.0,0.0,0.0,0.0,7.7,0.0,0,0,0.0,0.0,0.0,0.0,0.0,0,0,0,00-0032975,3312,7.700000114738941
115,00-0032980,Marcus Johnson,WR,8088,0,0.0,0,0.0,0,6,16,63.0,0,137.0,26.0,3.0,-6.908870569663122,12.3,0.0,0,0,0.0,0.0,0.0,0.0,0.0,0,0,0,00-0032980,3445,9.300000093877316
116,00-0033009,Tyler Boyd,WR,24264,0,0.0,0,0.0,0,45,65,655.0,4,636.0,212.0,32.0,25.09828440058783,137.42000000000002,0.0,0,0,0.0,0.0,0.0,0.0,23.0,0,0,1,00-0033009,3225,114.92000095546246
117,00-0033040,Tyreek Hill,WR,24264,6,30.0,0,2.0,0,96,129,1379.0,5,1524.0,409.0,62.0,61.58088546140268,266.9,0.0,0,0,0.0,0.0,1.0,0.0,0.0,0,0,0,00-0033040,3321,217.9000020995736
118,00-0033045,Ezekiel Elliott,RB,20220,157,654.0,8,40.0,0,11,13,54.0,0,-8.0,60.0,2.0,-3.3247592414263636,129.8,0.0,0,0,0.0,0.0,0.0,0.0,0.0,0,0,0,00-0033045,3164,124.30000105500221
119,00-0033077,Dak Prescott,QB,14154,19,71.0,1,8.0,0,0,0,0.0,0,0.0,0.0,0.0,0.0,113.62,7.0,1,0,0.0,0.0,0.0,0.0,1563.0,13,0,0,00-0033077,3294,119.61999870836735
120,00-0033090,Hunter Henry,TE,24264,0,0.0,0,0.0,0,25,39,336.0,2,307.0,139.0,16.0,9.292406016578468,70.60000000000001,0.0,0,0,0.0,0.0,0.0,0.0,0.0,0,0,0,00-0033090,3214,58.100000500679016
121,00-0033106,Jared Goff,QB,24264,21,42.0,0,3.0,1,1,1,5.0,0,0.0,5.0,0.0,-0.10016044188523665,186.58,7.0,4,3,1.0,0.0,0.0,0.0,3022.0,19,1,0,00-0033106,3163,188.0799973681569
122,00-0033110,Tyler Higbee,TE,22242,0,0.0,0,0.0,0,50,78,444.0,0,272.0,277.0,21.0,-4.6824475217412616,94.4,0.0,0,0,0.0,0.0,0.0,0.0,0.0,0,0,0,00-0033110,3271,69.40000066161156
123,00-0033114,Mike Thomas,WR,8088,0,0.0,0,0.0,0,2,10,38.0,0,122.0,24.0,1.0,-4.935994758387096,7.800000000000001,0.0,0,0,0.0,0.0,0.0,0.0,0.0,0,0,1,00-0033114,,6.8000000566244125
124,00-0033118,Kenyan Drake,RB,20220,92,421.0,3,19.0,0,13,19,69.0,1,-10.0,100.0,6.0,-4.4100264003959575,86.0,0.0,0,0,0.0,0.0,0.0,0.0,0.0,0,0,0,00-0033118,3242,79.5000007301569
125,00-0033119,Jacoby Brissett,QB,22242,47,238.0,2,26.0,0,0,0,0.0,0,0.0,0.0,0.0,0.0,168.12,6.0,5,3,1.0,1.0,0.0,0.0,2608.0,12,0,0,00-0033119,3257,168.11999802291393
126,00-0033217,Mo Alie-Cox,TE,20220,0,0.0,0,0.0,0,17,23,183.0,2,100.0,99.0,8.0,-0.5620735887966868,45.3,0.0,0,0,0.0,0.0,1.0,1.0,0.0,0,0,0,00-0033217,4054,35.80000027269125
127,00-0033246,Johnny Mundt,TE,22242,0,0.0,0,0.0,0,17,19,117.0,1,30.0,93.0,8.0,3.8616489682853317,34.7,0.0,0,0,0.0,0.0,0.0,0.0,0.0,0,0,0,00-0033246,4314,26.200000174343586
128,00-0033251,Zach Pascal,WR,18198,1,0.0,0,0.0,0,13,16,139.0,1,96.0,84.0,8.0,0.983059668680653,32.9,0.0,0,0,0.0,0.0,0.0,0.0,0.0,0,0,0,00-0033251,4319,26.40000020712614
129,00-0033275,P.J. Walker,QB,12132,6,39.0,0,3.0,0,0,0,0.0,0,0.0,0.0,0.0,0.0,39.14,3.0,0,0,0.0,0.0,0.0,0.0,731.0,3,0,0,00-0033275,4335,42.1399994045496
130,00-0033280,Christian McCaffrey,RB,24264,160,700.0,4,35.0,0,66,83,559.0,3,86.0,544.0,29.0,13.094370311987339,239.26000000000002,0.0,0,0,1.0,0.0,0.0,0.0,34.0,1,0,0,00-0033280,4034,205.26000184565783
131,00-0033282,Curtis Samuel,WR,26286,31,188.0,1,11.0,0,54,79,556.0,3,485.0,249.0,30.0,24.84816067687543,150.4,0.0,0,0,1.0,1.0,0.0,0.0,0.0,0,0,0,00-0033282,4082,122.40000110864639
132,00-0033288,George Kittle,TE,20220,0,0.0,0,0.0,0,38,54,472.0,4,325.0,242.0,22.0,18.729419880543357,107.2,0.0,0,0,0.0,0.0,1.0,1.0,0.0,0,0,0,00-0033288,4217,87.20000070333481
133,00-0033292,Trent Taylor,WR,10110,4,15.0,0,0.0,0,5,6,28.0,0,7.0,21.0,0.0,-1.633531955970279,9.3,0.0,0,0,0.0,0.0,0.0,0.0,0.0,0,0,0,00-0033292,4218,6.800000064074993
134,00-0033293,Aaron Jones,RB,26286,164,847.0,2,43.0,0,48,58,328.0,4,-11.0,353.0,16.0,3.3886344944078752,201.5,0.0,0,0,2.0,0.0,1.0,1.0,0.0,0,0,1,00-0033293,4199,174.50000175088644
135,00-0033307,Kendrick Bourne,WR,22242,4,8.0,0,1.0,0,19,26,226.0,0,244.0,74.0,11.0,0.33004094510006254,42.400000000000006,0.0,0,0,0.0,0.0,2.0,0.0,0.0,0,0,0,00-0033307,4454,30.900000348687172
136,00-0033308,Matt Breida,RB,24264,34,112.0,1,9.0,0,9,11,83.0,0,42.0,66.0,4.0,5.0286509179353605,34.5,0.0,0,0,0.0,0.0,0.0,0.0,0.0,0,0,0,00-0033308,4455,30.000000290572643
137,00-0033319,Nick Mullens,QB,4044,0,0.0,0,0.0,0,0,0,0.0,0,0.0,0.0,0.0,0.0,2.04,0.0,0,0,0.0,0.0,0.0,0.0,51.0,0,0,0,00-0033319,4464,2.0399999544024467
138,00-0033357,Taysom Hill,TE,24264,61,419.0,5,23.0,0,7,11,66.0,2,78.0,23.0,4.0,2.8404014604419396,106.94,0.0,0,0,0.0,0.0,0.0,0.0,136.0,1,0,0,00-0033357,4381,103.44000060111284
139,00-0033367,C.J. Board,WR,2022,0,0.0,0,0.0,0,1,1,6.0,0,6.0,0.0,0.0,0.20860908593749627,1.6,0.0,0,0,0.0,0.0,0.0,0.0,0.0,0,0,0,00-0033367,4344,1.1000000089406967
140,00-0033376,Patrick Ricard,FB,20220,5,14.0,0,4.0,0,11,13,74.0,0,2.0,72.0,1.0,-4.760953707753415,19.8,0.0,0,0,0.0,0.0,0.0,0.0,0.0,0,0,0,00-0033376,4353,14.300000131130219
141,00-0033386,Cody Hollister,WR,8088,0,0.0,0,0.0,0,3,5,54.0,0,78.0,8.0,2.0,-4.383588089811383,8.4,0.0,0,0,0.0,0.0,0.0,0.0,0.0,0,0,0,00-0033386,4420,6.9000000804662704
142,00-0033439,Pharaoh Brown,TE,14154,0,0.0,0,0.0,0,12,20,117.0,0,128.0,83.0,6.0,-2.4887456162299766,23.7,0.0,0,0,0.0,0.0,0.0,0.0,0.0,0,0,0,00-0033439,4443,17.700000174343586
143,00-0033455,Anthony Firkser,TE,10110,0,0.0,0,0.0,0,6,7,79.0,0,63.0,20.0,4.0,4.274590866925336,13.9,0.0,0,0,0.0,0.0,0.0,0.0,0.0,0,0,0,00-0033455,4435,10.900000117719173
144,00-0033466,Isaiah McKenzie,WR,22242,7,42.0,1,3.0,0,35,50,359.0,4,350.0,114.0,22.0,16.342118791835606,105.10000000000001,0.0,0,0,0.0,0.0,0.0,0.0,0.0,0,0,0,00-0033466,4197,87.60000059753656
145,00-0033526,Samaje Perine,RB,24264,74,327.0,1,17.0,0,32,40,262.0,4,13.0,294.0,11.0,12.724026412316388,120.9,0.0,0,0,0.0,0.0,0.0,0.0,0.0,0,0,0,00-0033526,4147,104.9000008776784
146,00-0033536,Mike Williams,WR,16176,0,0.0,0,0.0,0,38,60,510.0,3,710.0,188.0,22.0,15.809845412540675,107.0,0.0,0,0,0.0,0.0,0.0,0.0,0.0,0,0,0,00-0033536,4068,88.00000075995922
147,00-0033537,Deshaun Watson,QB,2022,7,21.0,0,0.0,0,0,0,0.0,0,0.0,0.0,0.0,0.0,5.34,1.0,0,0,0.0,0.0,0.0,0.0,131.0,0,0,0,00-0033537,4017,6.3399999141693115
148,00-0033553,James Conner,RB,18198,121,476.0,4,32.0,0,27,35,171.0,1,-21.0,222.0,7.0,-2.8794066846702098,119.7,0.0,0,0,3.0,1.0,0.0,0.0,0.0,0,0,0,00-0033553,4137,103.20000096410513
149,00-0033555,Mack Hollins,WR,24264,1,0.0,0,0.0,0,45,73,566.0,3,900.0,162.0,25.0,31.30564428571831,119.76,0.0,0,0,0.0,0.0,0.0,0.0,4.0,0,0,0,00-0033555,4177,97.26000083982944
150,00-0033572,Jamal Agnew,WR,18198,6,32.0,0,3.0,0,15,21,119.0,3,135.0,86.0,7.0,5.76758468021133,50.1,0.0,0,0,0.0,0.0,0.0,0.0,0.0,0,0,1,00-0033572,4198,42.600000225007534
151,00-0033576,Eric Saubert,TE,16176,0,0.0,0,0.0,0,10,17,111.0,1,160.0,53.0,4.0,0.8711447206361129,27.099999999999998,0.0,0,0,0.0,0.0,0.0,0.0,0.0,0,0,0,00-0033576,4189,22.10000016540289
152,00-0033591,Noah Brown,WR,20220,0,0.0,0,0.0,0,30,47,399.0,1,481.0,99.0,18.0,10.831252150190037,73.9,0.0,0,0,0.0,0.0,1.0,1.0,0.0,0,0,0,00-0033591,4234,57.90000059455633
153,00-0033633,Tanner Gentry,WR,2022,0,0.0,0,0.0,0,0,1,0.0,0,7.0,0.0,0.0,-0.7896298202686012,0.0,0.0,0,0,0.0,0.0,0.0,0.0,0.0,0,0,0,00-0033633,4551,0.0
154,00-0033662,Cooper Rush,QB,14154,9,6.0,0,1.0,0,0,0,0.0,0,0.0,0.0,0.0,0.0,56.64,3.0,2,0,0.0,0.0,0.0,0.0,1051.0,5,0,0,00-0033662,4574,57.63999906927347
155,00-0033681,Keelan Cole,WR,10110,0,0.0,0,0.0,0,6,15,75.0,0,253.0,17.0,5.0,0.9652755139395595,13.5,0.0,0,0,0.0,0.0,0.0,0.0,0.0,0,0,0,00-0033681,4622,10.500000111758709
156,00-0033699,Austin Ekeler,RB,24264,138,589.0,7,25.0,0,85,104,564.0,5,-76.0,673.0,31.0,6.768610674405906,268.3,0.0,0,0,2.0,1.0,2.0,1.0,0.0,0,0,0,00-0033699,4663,221.80000171810389
157,00-0033725,Corey Clement,RB,2022,0,0.0,0,0.0,0,1,1,8.0,0,0.0,8.0,1.0,1.6007320584030822,1.8,0.0,0,0,0.0,0.0,0.0,0.0,0.0,0,0,0,00-0033725,4651,1.300000011920929
158,00-0033757,Robert Tonyan,TE,26286,0,0.0,0,0.0,0,45,56,372.0,1,303.0,198.0,14.0,-3.6516059986779106,88.2,0.0,0,0,0.0,0.0,0.0,0.0,0.0,0,0,0,00-0033757,4602,65.7000005543232
159,00-0033798,Mason Schreck,TE,4044,0,0.0,0,0.0,0,2,2,6.0,0,6.0,0.0,0.0,-0.6555010332958773,2.6,0.0,0,0,0.0,0.0,0.0,0.0,0.0,0,0,0,00-0033798,4229,1.6000000089406967
160,00-0033854,Dare Ogunbowale,RB,12132,7,30.0,1,3.0,0,11,15,91.0,0,3.0,92.0,4.0,-8.046265864104498,29.1,0.0,0,0,0.0,0.0,0.0,0.0,0.0,0,0,0,00-0033854,4718,23.60000018030405
161,00-0033856,Leonard Fournette,RB,22242,145,511.0,3,31.0,0,49,57,347.0,3,-53.0,390.0,18.0,5.191569836248731,168.8,1.0,0,0,0.0,0.0,0.0,0.0,0.0,0,0,0,00-0033856,3969,145.30000127851963
162,00-0033857,JuJu Smith-Schuster,WR,22242,0,0.0,0,0.0,0,52,71,688.0,2,575.0,356.0,35.0,44.856209177704606,130.8,0.0,0,0,0.0,0.0,2.0,1.0,0.0,0,0,0,00-0033857,4040,102.80000102519989
163,00-0033858,Jonnu Smith,TE,18198,1,5.0,0,1.0,0,22,29,200.0,0,90.0,182.0,7.0,2.189725593663752,42.5,0.0,0,0,1.0,0.0,0.0,0.0,0.0,0,0,0,00-0033858,4144,30.500000305473804
164,00-0033869,Mitchell Trubisky,QB,10110,13,29.0,1,3.0,0,0,0,0.0,0,0.0,0.0,0.0,0.0,50.78,2.0,0,0,0.0,0.0,0.0,0.0,797.0,3,1,0,00-0033869,3976,52.77999933063984
165,00-0033871,Corey Davis,WR,18198,0,0.0,0,0.0,0,25,47,445.0,2,642.0,96.0,23.0,14.773572061612715,81.5,0.0,0,0,0.0,0.0,0.0,0.0,0.0,0,0,0,00-0033871,4036,69.00000066310167
166,00-0033873,Patrick Mahomes,QB,24264,44,283.0,2,19.0,1,0,0,0.0,0,0.0,0.0,0.0,0.0,300.62,8.0,1,0,3.0,0.0,0.0,0.0,3808.0,30,1,0,00-0033873,4046,304.61999701708555
167,00-0033879,O.J. Howard,TE,20220,0,0.0,0,0.0,0,9,21,119.0,2,246.0,37.0,5.0,-3.1867429490172627,32.9,0.0,0,0,0.0,0.0,0.0,0.0,0.0,0,0,0,00-0033879,4055,28.400000177323818
168,00-0033881,Evan Engram,TE,24264,1,0.0,0,0.0,0,42,59,386.0,2,424.0,190.0,17.0,10.293291682834798,94.6,0.0,0,0,0.0,0.0,0.0,0.0,0.0,0,0,1,00-0033881,4066,73.60000057518482
169,00-0033885,David Njoku,TE,18198,1,-6.0,0,0.0,0,41,52,464.0,2,352.0,255.0,25.0,17.797276804223657,96.8,0.0,0,0,0.0,0.0,1.0,1.0,0.0,0,0,0,00-0033885,4033,75.30000068247318
170,00-0033891,Zay Jones,WR,22242,3,21.0,0,1.0,0,60,86,578.0,1,670.0,192.0,32.0,33.647213062241086,127.9,0.0,0,0,0.0,0.0,0.0,0.0,0.0,0,0,1,00-0033891,4080,97.90000089257956
171,00-0033893,Dalvin Cook,RB,24264,198,927.0,7,40.0,0,28,42,157.0,1,-28.0,184.0,11.0,1.0850696344859898,182.4,0.0,0,0,1.0,1.0,0.0,0.0,0.0,0,0,0,00-0033893,4029,167.40000161528587
172,00-0033895,Gerald Everett,TE,22242,1,0.0,0,0.0,0,43,65,462.0,2,420.0,253.0,21.0,-0.14298823807255445,103.2,0.0,0,0,0.0,0.0,0.0,0.0,0.0,0,0,1,00-0033895,4089,81.70000068843365
173,00-0033897,Joe Mixon,RB,20220,158,605.0,6,36.0,0,41,53,314.0,2,-19.0,337.0,12.0,10.640761366375955,180.9,0.0,0,0,0.0,0.0,0.0,0.0,0.0,0,0,0,00-0033897,4018,160.4000013694167
174,00-0033906,Alvin Kamara,RB,22242,143,550.0,1,26.0,0,51,68,433.0,2,75.0,405.0,15.0,-3.0506026168666067,159.3,0.0,0,0,2.0,2.0,2.0,2.0,0.0,0,0,0,00-0033906,4035,129.80000146478415
175,00-0033908,Cooper Kupp,WR,18198,9,52.0,1,4.0,0,75,98,812.0,6,704.0,422.0,42.0,16.342067479237862,201.4,0.0,0,0,0.0,0.0,2.0,1.0,0.0,0,0,0,00-0033908,4039,161.90000128746033
176,00-0033921,Chris Godwin,WR,20220,3,5.0,0,0.0,0,68,99,648.0,2,562.0,334.0,35.0,16.053134404637966,145.3,0.0,0,0,0.0,0.0,0.0,0.0,0.0,0,0,0,00-0033921,4037,111.30000097304583
177,00-0033923,Kareem Hunt,RB,24264,102,417.0,3,28.0,0,25,31,173.0,1,8.0,174.0,10.0,3.142279588261766,108.0,0.0,0,0,0.0,0.0,0.0,0.0,0.0,0,0,0,00-0033923,4098,95.50000087916851
178,00-0033925,D'Onta Foreman,RB,22242,126,563.0,4,27.0,1,4,8,25.0,0,-4.0,27.0,1.0,-10.467875612508372,88.8,0.0,0,0,0.0,0.0,0.0,0.0,0.0,0,0,0,00-0033925,4111,86.80000087618828
179,00-0033932,Kenny Golladay,WR,10110,0,0.0,0,0.0,0,4,10,51.0,0,100.0,11.0,2.0,-2.248331137263449,9.100000000000001,0.0,0,0,0.0,0.0,0.0,0.0,0.0,0,0,0,00-0033932,4131,7.100000075995922
180,00-0033936,C.J. Beathard,QB,4044,1,-1.0,0,0.0,0,0,0,0.0,0,0.0,0.0,0.0,0.0,0.13999999999999999,0.0,0,0,0.0,0.0,0.0,0.0,6.0,0,0,0,00-0033936,4127,0.13999999314546585
181,00-0033943,Josh Reynolds,WR,16176,0,0.0,0,0.0,0,29,46,376.0,2,574.0,95.0,19.0,9.490364962115436,78.60000000000001,0.0,0,0,0.0,0.0,0.0,0.0,0.0,0,0,0,00-0033943,4171,64.10000056028366
182,00-0033948,Jamaal Williams,RB,24264,188,769.0,14,53.0,1,9,12,57.0,0,33.0,46.0,3.0,-0.3339323771651834,173.6,0.0,0,0,3.0,2.0,0.0,0.0,0.0,0,0,0,00-0033948,4149,166.10000123083591
183,00-0033951,Marlon Mack,RB,4044,4,10.0,0,0.0,0,2,2,11.0,0,4.0,7.0,0.0,-0.419596906285733,4.1,0.0,0,0,0.0,0.0,0.0,0.0,0.0,0,0,0,00-0033951,4152,3.1000000312924385
184,00-0034011,Dan Arnold,TE,14154,0,0.0,0,0.0,0,7,8,113.0,0,43.0,74.0,4.0,6.958911383757368,18.3,0.0,0,0,0.0,0.0,0.0,0.0,0.0,0,0,0,00-0034011,4741,14.800000168383121
185,00-0034054,River Cracraft,WR,14154,0,0.0,0,0.0,0,8,13,97.0,2,117.0,26.0,8.0,1.9659085886669345,29.7,0.0,0,0,0.0,0.0,0.0,0.0,0.0,0,0,0,00-0034054,4854,25.700000144541264
186,00-0034073,Ross Dwelley,TE,8088,0,0.0,0,0.0,0,3,5,105.0,1,69.0,43.0,3.0,8.342849017702974,19.5,0.0,0,0,0.0,0.0,0.0,0.0,0.0,0,0,0,00-0034073,5285,18.000000156462193
187,00-0034104,Cam Sims,WR,20220,0,0.0,0,0.0,0,7,16,73.0,0,211.0,18.0,4.0,-5.905840651830658,14.3,0.0,0,0,0.0,0.0,0.0,0.0,0.0,0,0,0,00-0034104,5432,10.800000108778477
188,00-0034109,Phillip Lindsay,RB,6066,15,49.0,0,1.0,1,6,8,19.0,0,17.0,11.0,0.0,-1.5184940778417513,14.8,0.0,0,0,0.0,0.0,0.0,0.0,0.0,0,0,0,00-0034109,,11.800000101327896
189,00-0034115,Jeff Wilson,RB,24264,132,680.0,4,33.0,0,16,26,149.0,1,84.0,109.0,6.0,-4.996670701373988,124.9,0.0,0,0,1.0,1.0,1.0,1.0,0.0,0,0,0,00-0034115,5284,114.90000123530626
190,00-0034159,Will Dissly,TE,24264,0,0.0,0,0.0,0,30,33,297.0,3,148.0,165.0,17.0,23.771009100717492,77.7,0.0,0,0,0.0,0.0,0.0,0.0,0.0,0,0,0,00-0034159,5010,62.70000044256449
191,00-0034160,Michael Dickson,P,4044,2,-18.0,0,0.0,0,0,0,0.0,0,0.0,0.0,0.0,0.0,-3.8,0.0,0,0,1.0,1.0,0.0,0.0,0.0,0,0,0,00-0034160,,-4.80000002682209
192,00-0034171,Jason Cabinda,FB,4044,1,4.0,0,1.0,0,0,2,0.0,0,8.0,0.0,0.0,-1.2630572001216933,0.4,0.0,0,0,0.0,0.0,0.0,0.0,0.0,0,0,0,00-0034171,,0.4000000059604645
193,00-0034184,Gus Edwards,RB,8088,49,195.0,3,16.0,0,0,2,0.0,0,6.0,0.0,0.0,-1.012467852095142,35.5,0.0,0,0,1.0,1.0,0.0,0.0,0.0,0,0,0,00-0034184,5248,34.50000029057264
194,00-0034208,Mike Boone,RB,14154,21,100.0,0,6.0,0,7,13,69.0,0,32.0,67.0,1.0,-8.47864274743048,23.900000000000002,0.0,0,0,0.0,0.0,0.0,0.0,0.0,0,0,0,00-0034208,5209,20.400000251829624
195,00-0034253,Dontrell Hilliard,RB,22242,22,145.0,0,4.0,0,21,26,177.0,4,39.0,151.0,8.0,5.730506802088248,77.2,0.0,0,0,0.0,0.0,0.0,0.0,0.0,0,0,0,00-0034253,5536,66.70000047981739
196,00-0034270,Tyler Conklin,TE,24264,1,1.0,0,1.0,0,40,63,390.0,3,441.0,211.0,18.0,-2.1564160555101273,97.1,0.0,0,0,0.0,0.0,2.0,0.0,0.0,0,0,0,00-0034270,5133,75.1000005826354
197,00-0034272,Marquez Valdes-Scantling,WR,24264,1,-3.0,0,0.0,0,33,58,586.0,1,802.0,139.0,26.0,22.69163978039372,97.30000000000001,0.0,0,0,0.0,0.0,0.0,0.0,0.0,0,0,0,00-0034272,5086,80.8000008687377
198,00-0034279,Equanimeous St. Brown,WR,26286,6,54.0,0,2.0,0,18,34,282.0,1,457.0,87.0,12.0,0.7104561159438121,55.6,0.0,0,0,0.0,0.0,1.0,1.0,0.0,0,0,0,00-0034279,5323,45.600000500679016
199,00-0034286,Richie James,WR,20220,2,6.0,0,0.0,0,31,38,300.0,2,292.0,90.0,16.0,10.436365258205202,73.60000000000001,0.0,0,0,0.0,0.0,0.0,0.0,0.0,0,0,0,00-0034286,5137,58.10000045597553
200,00-0034297,Byron Pringle,WR,8088,0,0.0,0,0.0,0,5,7,57.0,1,94.0,6.0,4.0,6.620068194693886,16.7,0.0,0,0,0.0,0.0,0.0,0.0,0.0,0,0,0,00-0034297,5199,14.200000084936619
201,00-0034301,Darrel Williams,RB,10110,21,102.0,1,8.0,0,4,8,9.0,0,-24.0,15.0,0.0,-5.260199181968346,21.1,0.0,0,0,0.0,0.0,0.0,0.0,0.0,0,0,0,00-0034301,5549,19.10000016540289
202,00-0034317,Keith Kirkwood,WR,4044,0,0.0,0,0.0,0,2,2,18.0,0,14.0,4.0,1.0,1.5595788832288235,3.8000000000000003,0.0,0,0,0.0,0.0,0.0,0.0,0.0,0,0,0,00-0034317,,2.80000002682209
203,00-0034335,Marcus Allen,ILB,2022,1,4.0,0,1.0,0,0,0,0.0,0,0.0,0.0,0.0,0.0,0.4,0.0,0,0,0.0,0.0,0.0,0.0,0.0,0,0,0,00-0034335,,0.4000000059604645
204,00-0034348,Courtland Sutton,WR,24264,1,5.0,0,0.0,0,52,89,688.0,1,1045.0,141.0,32.0,21.288161090379813,127.30000000000001,0.0,0,0,0.0,0.0,0.0,0.0,0.0,0,0,0,00-0034348,5045,101.30000103265047
205,00-0034351,Dallas Goedert,TE,18198,0,0.0,0,0.0,0,43,53,544.0,3,276.0,361.0,31.0,36.70729157382634,113.4,0.0,0,0,0.0,0.0,1.0,1.0,0.0,0,0,0,00-0034351,5022,90.90000081062317
206,00-0034355,M.J. Stewart,SS,2022,1,3.0,0,1.0,0,0,0,0.0,0,0.0,0.0,0.0,0.0,0.30000000000000004,0.0,0,0,0.0,0.0,0.0,0.0,0.0,0,0,0,00-0034355,,0.30000000447034836
207,00-0034360,Lorenzo Carter,OLB,2022,0,0.0,0,0.0,0,0,0,0.0,0,0.0,0.0,0.0,0.0,6.0,0.0,0,0,0.0,0.0,0.0,0.0,0.0,0,0,0,00-0034360,,0.0
208,00-0034364,Jordan Akins,TE,20220,0,0.0,0,0.0,0,24,32,321.0,2,148.0,219.0,16.0,16.53298534505302,66.10000000000001,0.0,0,0,0.0,0.0,1.0,1.0,0.0,0,0,0,00-0034364,5032,53.100000478327274
209,00-0034365,Ian Thomas,TE,20220,0,0.0,0,0.0,0,17,24,165.0,0,62.0,150.0,6.0,3.33619452957646,33.5,0.0,0,0,0.0,0.0,0.0,0.0,0.0,0,0,0,00-0034365,4995,25.00000024586916
210,00-0034366,Keke Coutee,WR,2022,0,0.0,0,0.0,0,1,1,20.0,0,12.0,8.0,0.0,-3.799164329539053,1.0,0.0,0,0,0.0,0.0,1.0,1.0,0.0,0,0,0,00-0034366,5007,-0.4999999701976776
211,00-0034367,Nyheim Hines,RB,24264,22,28.0,1,2.0,0,27,33,218.0,0,87.0,172.0,9.0,9.147537555364295,57.6,0.0,0,0,0.0,0.0,0.0,0.0,0.0,0,0,0,00-0034367,5347,44.100000366568565
212,00-0034383,Dalton Schultz,TE,20220,0,0.0,0,0.0,0,35,52,343.0,3,352.0,105.0,14.0,5.887134170716839,85.3,0.0,0,0,0.0,0.0,1.0,1.0,0.0,0,0,0,00-0034383,5001,66.80000051110983
213,00-0034386,Justin Watson,WR,24264,0,0.0,0,0.0,0,13,22,221.0,2,327.0,29.0,10.0,12.90937840628638,47.1,0.0,0,0,0.0,0.0,0.0,0.0,0.0,0,0,0,00-0034386,5374,40.60000032931566
214,00-0034400,Jordan Wilkins,RB,4044,6,31.0,0,2.0,0,4,5,15.0,0,-10.0,26.0,0.0,-1.8132892083958723,8.600000000000001,0.0,0,0,0.0,0.0,0.0,0.0,0.0,0,0,0,00-0034400,5100,6.6000000685453415
215,00-0034401,Mike White,QB,4044,6,9.0,1,3.0,0,0,0,0.0,0,0.0,0.0,0.0,0.0,42.260000000000005,2.0,0,0,0.0,0.0,0.0,0.0,684.0,3,0,0,00-0034401,5089,44.25999940186739
216,00-0034407,Ray-Ray McCloud,WR,20220,0,0.0,0,0.0,0,11,18,174.0,1,279.0,32.0,8.0,10.299215318635106,34.4,0.0,0,0,0.0,0.0,0.0,0.0,0.0,0,0,0,00-0034407,5096,28.900000259280205
217,00-0034411,Russell Gage,WR,16176,0,0.0,0,0.0,0,30,41,242.0,1,228.0,95.0,13.0,1.0962440364528447,60.2,0.0,0,0,0.0,0.0,1.0,1.0,0.0,0,0,1,00-0034411,5110,44.2000003606081
218,00-0034414,Boston Scott,RB,20220,37,124.0,1,5.0,0,4,4,11.0,0,-2.0,13.0,0.0,-2.8713879538699985,23.5,0.0,0,0,0.0,0.0,0.0,0.0,0.0,0,0,0,00-0034414,5122,21.500000201165676
219,00-0034418,Cedrick Wilson,WR,14154,1,8.0,0,0.0,0,9,14,96.0,0,140.0,41.0,5.0,3.721506446832791,19.400000000000002,0.0,0,0,0.0,0.0,0.0,0.0,0.0,0,0,0,00-0034418,5113,14.900000154972076
220,00-0034419,Braxton Berrios,WR,24264,9,91.0,2,5.0,0,15,22,82.0,0,68.0,68.0,5.0,-10.53711995188612,48.379999999999995,0.0,0,0,0.0,0.0,0.0,0.0,2.0,1,0,0,00-0034419,5121,40.88000025600195
221,00-0034440,Justin Jackson,RB,16176,30,134.0,0,7.0,0,9,14,63.0,1,19.0,70.0,4.0,0.8849915855738066,34.7,0.0,0,0,0.0,0.0,0.0,0.0,0.0,0,0,0,00-0034440,5131,30.200000293552876
222,00-0034487,Trent Sherfield,WR,24264,0,0.0,0,0.0,0,25,38,355.0,2,427.0,126.0,15.0,13.189097477036341,72.5,0.0,0,0,0.0,0.0,0.0,0.0,0.0,0,0,0,00-0034487,5154,60.00000052899122
223,00-0034496,Sean Chandler,SS,2022,1,2.0,0,1.0,0,0,0,0.0,0,0.0,0.0,0.0,0.0,0.2,0.0,0,0,0.0,0.0,0.0,0.0,0.0,0,0,0,00-0034496,,0.20000000298023224
224,00-0034521,Allen Lazard,WR,22242,0,0.0,0,0.0,0,45,75,620.0,5,954.0,206.0,36.0,12.36736933582012,137.0,0.0,0,0,0.0,0.0,0.0,0.0,0.0,0,0,0,00-0034521,5185,114.500000923872
225,00-0034577,Kyle Allen,QB,4044,6,13.0,0,2.0,0,0,0,0.0,0,0.0,0.0,0.0,0.0,15.940000000000001,4.0,2,0,2.0,1.0,0.0,0.0,416.0,2,0,0,00-0034577,5127,15.939999647438526
226,00-0034613,Tanner Hudson,TE,12132,0,0.0,0,0.0,0,10,15,132.0,0,110.0,59.0,8.0,2.8454407250974327,23.200000000000003,0.0,0,0,0.0,0.0,0.0,0.0,0.0,0,0,0,00-0034613,5409,18.200000196695328
227,00-0034646,Brandon Powell,WR,22242,12,53.0,0,4.0,0,18,20,135.0,0,38.0,149.0,6.0,6.563164707593387,36.8,0.0,0,0,0.0,0.0,0.0,0.0,0.0,0,0,0,00-0034646,5695,27.80000028014183
228,00-0034681,Chase Edmonds,RB,20220,46,135.0,2,6.0,0,11,19,96.0,1,36.0,66.0,4.0,1.3846408616324761,52.1,0.0,0,0,0.0,0.0,0.0,0.0,0.0,0,0,0,00-0034681,5000,46.600000344216824
229,00-0034750,Rashaad Penny,RB,10110,57,346.0,2,15.0,0,4,5,16.0,0,-12.0,28.0,2.0,1.0691364296362735,52.2,0.0,0,0,1.0,0.0,0.0,0.0,0.0,0,0,0,00-0034750,4985,49.200000539422035
230,00-0034753,Mark Andrews,TE,22242,3,8.0,0,3.0,0,56,86,654.0,5,906.0,186.0,36.0,17.786570771006108,154.2,0.0,0,0,0.0,0.0,1.0,0.0,0.0,0,0,1,00-0034753,5012,125.20000098645687
231,00-0034764,Michael Gallup,WR,18198,0,0.0,0,0.0,0,28,49,297.0,3,575.0,87.0,16.0,1.8426825654803167,75.7,0.0,0,0,0.0,0.0,0.0,0.0,0.0,0,0,0,00-0034764,5038,61.70000044256449
232,00-0034765,Tre'Quan Smith,WR,16176,0,0.0,0,0.0,0,18,26,272.0,1,326.0,65.0,14.0,7.24340911352758,51.2,0.0,0,0,0.0,0.0,0.0,0.0,0.0,0,0,0,00-0034765,5026,42.200000405311584
233,00-0034775,Christian Kirk,WR,24264,4,7.0,0,0.0,0,62,99,829.0,7,878.0,288.0,43.0,25.772880924271462,187.60000000000002,0.0,0,0,0.0,0.0,0.0,0.0,0.0,0,0,0,00-0034775,4950,156.60000124573708
234,00-0034777,D.J. Chark,WR,12132,0,0.0,0,0.0,0,14,30,212.0,2,544.0,31.0,11.0,3.5840986849831324,47.2,0.0,0,0,0.0,0.0,0.0,0.0,0.0,0,0,0,00-0034777,4951,40.20000031590462
235,00-0034791,Nick Chubb,RB,24264,217,1119.0,12,50.0,1,17,24,152.0,0,-14.0,182.0,7.0,2.8099568526959047,216.1,0.0,0,0,1.0,1.0,0.0,0.0,0.0,0,0,0,00-0034791,4988,206.6000018939376
236,00-0034796,Lamar Jackson,QB,24264,112,764.0,3,47.0,0,0,0,0.0,0,0.0,0.0,0.0,0.0,236.08,7.0,3,1,2.0,1.0,0.0,0.0,2242.0,17,1,0,00-0034796,4881,238.0799991339445
237,00-0034798,Durham Smythe,TE,16176,2,1.0,1,1.0,0,9,12,75.0,1,49.0,23.0,5.0,-0.8786562026361935,28.6,0.0,0,0,0.0,0.0,0.0,0.0,0.0,0,0,0,00-0034798,5008,24.100000113248825
238,00-0034816,Ronald Jones,RB,2022,4,12.0,0,1.0,0,1,1,22.0,0,-1.0,23.0,1.0,1.8496459323796444,4.4,0.0,0,0,0.0,0.0,0.0,0.0,0.0,0,0,0,00-0034816,5052,3.900000050663948
239,00-0034827,D.J. Moore,WR,24264,7,39.0,0,1.0,0,46,88,605.0,4,1049.0,136.0,29.0,0.8920302814676067,134.4,0.0,0,0,0.0,0.0,0.0,0.0,0.0,0,0,0,00-0034827,4983,111.40000095963478
240,00-0034829,Mike Gesicki,TE,24264,0,0.0,0,0.0,0,24,37,269.0,4,322.0,80.0,15.0,5.286606992650296,74.9,0.0,0,0,0.0,0.0,0.0,0.0,0.0,0,0,0,00-0034829,4993,62.900000400841236
241,00-0034830,Hayden Hurst,TE,24264,0,0.0,0,0.0,0,48,63,400.0,2,333.0,176.0,22.0,19.44022943296324,100.0,0.0,0,0,0.0,0.0,0.0,0.0,0.0,0,0,0,00-0034830,4973,76.00000059604645
242,00-0034844,Saquon Barkley,RB,24264,242,1055.0,8,46.0,0,40,52,241.0,0,18.0,296.0,5.0,-13.302763386866468,219.60000000000002,0.0,0,0,1.0,0.0,0.0,0.0,0.0,0,0,1,00-0034844,4866,198.6000019311905
243,00-0034845,Sony Michel,RB,20220,36,106.0,0,8.0,0,9,13,53.0,0,22.0,46.0,1.0,-6.602370128559414,24.900000000000002,0.0,0,0,0.0,0.0,0.0,0.0,0.0,0,0,0,00-0034845,4962,20.400000236928463
244,00-0034854,KhaDarel Hodge,WR,16176,0,0.0,0,0.0,0,12,19,197.0,1,263.0,61.0,7.0,12.17315320414491,39.7,0.0,0,0,0.0,0.0,0.0,0.0,0.0,0,0,1,00-0034854,5773,33.700000293552876
245,00-0034855,Baker Mayfield,QB,14154,16,52.0,1,5.0,0,0,0,0.0,0,0.0,0.0,0.0,0.0,73.72,6.0,2,0,4.0,1.0,0.0,0.0,1313.0,6,0,0,00-0034855,4892,73.71999890357256
246,00-0034857,Josh Allen,QB,24264,89,581.0,5,42.0,0,0,0,0.0,0,0.0,0.0,0.0,0.0,294.34000000000003,11.0,5,2,5.0,2.0,0.0,0.0,3406.0,25,0,0,00-0034857,4984,295.33999782055616
247,00-0034860,Dante Pettis,WR,20220,2,37.0,0,2.0,0,14,25,202.0,2,280.0,49.0,6.0,-3.526147819113683,49.9,0.0,0,0,0.0,0.0,0.0,0.0,0.0,0,0,0,00-0034860,4992,42.90000035613775
248,00-0034869,Sam Darnold,QB,2022,3,3.0,1,1.0,0,0,0,0.0,0,0.0,0.0,0.0,0.0,16.86,0.0,0,0,1.0,0.0,0.0,0.0,164.0,1,0,0,00-0034869,4943,15.859999857842922
249,00-0034899,John Wolford,QB,4044,8,32.0,0,2.0,0,0,0,0.0,0,0.0,0.0,0.0,0.0,14.8,3.0,2,1,1.0,0.0,0.0,0.0,390.0,1,0,0,00-0034899,5806,14.799999698996544
250,00-0034928,Steven Sims,WR,12132,9,34.0,0,3.0,0,5,12,23.0,0,54.0,27.0,2.0,-6.228856453261263,10.7,0.0,0,0,0.0,0.0,0.0,0.0,0.0,0,0,0,00-0034928,6402,8.200000084936619
251,00-0034955,Brett Rypien,QB,2022,3,9.0,0,2.0,0,0,0,0.0,0,0.0,0.0,0.0,0.0,7.9,1.0,1,0,0.0,0.0,0.0,0.0,225.0,0,0,0,00-0034955,6037,7.899999812245369
252,00-0034959,Andrew Beck,TE,10110,1,-1.0,0,0.0,0,3,6,59.0,0,48.0,38.0,2.0,1.4378472077660263,8.8,0.0,0,0,0.0,0.0,0.0,0.0,0.0,0,0,0,00-0034959,6323,7.300000086426735
253,00-0034960,Jakobi Meyers,WR,20220,2,9.0,0,2.0,0,50,67,593.0,3,665.0,167.0,28.0,28.172098450897938,126.2,0.0,0,0,0.0,0.0,1.0,1.0,0.0,0,0,0,00-0034960,5947,100.2000008970499
254,00-0034970,Irv Smith,TE,14154,0,0.0,0,0.0,0,22,33,168.0,2,155.0,86.0,9.0,-4.373813403581534,50.8,0.0,0,0,0.0,0.0,1.0,0.0,0.0,0,0,0,00-0034970,6126,38.80000025033951
255,00-0034972,Alexander Mattison,RB,24264,48,174.0,3,12.0,0,13,16,78.0,1,-28.0,103.0,4.0,3.6932885027781595,62.2,0.0,0,0,0.0,0.0,0.0,0.0,0.0,0,0,0,00-0034972,5987,55.70000037550926
256,00-0034975,Justice Hill,RB,20220,41,225.0,0,10.0,0,10,10,39.0,0,-24.0,63.0,1.0,0.5657061326201074,34.400000000000006,0.0,0,0,1.0,1.0,1.0,0.0,0.0,0,0,0,00-0034975,5995,27.400000393390656
257,00-0034981,Foster Moreau,TE,18198,0,0.0,0,0.0,0,25,44,316.0,2,370.0,173.0,19.0,8.403757249441696,68.60000000000001,0.0,0,0,0.0,0.0,0.0,0.0,0.0,0,0,0,00-0034981,5985,56.100000470876694
258,00-0034983,Hunter Renfrow,WR,12132,0,0.0,0,0.0,0,21,29,192.0,0,163.0,78.0,10.0,-9.982741000583836,38.2,0.0,0,0,0.0,0.0,3.0,1.0,0.0,0,0,0,00-0034983,5955,24.700000286102295
259,00-0035021,Ashton Dulin,WR,12132,1,3.0,0,0.0,0,13,20,182.0,1,231.0,31.0,10.0,5.913017769227736,37.5,0.0,0,0,0.0,0.0,0.0,0.0,0.0,0,0,0,00-0035021,6427,31.000000275671482
260,00-0035022,Penny Hart,WR,2022,0,0.0,0,0.0,0,1,1,15.0,0,7.0,8.0,1.0,0.7883316886727698,2.5,0.0,0,0,0.0,0.0,0.0,0.0,0.0,0,0,0,00-0035022,5902,2.000000022351742
261,00-0035042,Jamie Gillan,P,2022,1,-3.0,0,0.0,0,0,0,0.0,0,0.0,0.0,0.0,0.0,-0.30000000000000004,0.0,0,0,0.0,0.0,0.0,0.0,0.0,0,0,0,00-0035042,,-0.30000000447034836
262,00-0035099,Khari Blasingame,FB,2022,0,0.0,0,0.0,0,0,1,0.0,0,-4.0,0.0,0.0,-0.5554934327956289,0.0,0.0,0,0,0.0,0.0,0.0,0.0,0.0,0,0,0,00-0035099,6379,0.0
263,00-0035125,Alec Ingold,FB,16176,5,6.0,1,4.0,0,14,17,98.0,1,62.0,85.0,4.0,1.6906819190480746,36.4,0.0,0,0,0.0,0.0,0.0,0.0,0.0,0,0,0,00-0035125,6109,29.400000154972076
264,00-0035140,Mecole Hardman,WR,16176,4,31.0,2,3.0,0,25,34,297.0,4,275.0,160.0,14.0,18.585516858866452,93.8,0.0,0,0,0.0,0.0,0.0,0.0,0.0,0,0,0,00-0035140,5917,81.30000048875809
265,00-0035146,Trace McSorley,QB,4044,4,26.0,0,1.0,0,0,0,0.0,0,0.0,0.0,0.0,0.0,3.44,1.0,0,0,0.0,0.0,0.0,0.0,71.0,0,0,0,00-0035146,5974,4.439999975264072
266,00-0035156,Jack Fox,P,2022,0,0.0,0,0.0,0,0,0,0.0,0,0.0,0.0,0.0,0.0,0.24,0.0,0,0,0.0,0.0,0.0,0.0,6.0,0,0,0,00-0035156,,0.23999999463558197
267,00-0035184,Devine Ozigbo,RB,4044,1,2.0,0,0.0,0,1,1,3.0,0,-4.0,7.0,0.0,-0.18005229509435594,1.5,0.0,0,0,0.0,0.0,0.0,0.0,0.0,0,0,0,00-0035184,,1.0000000074505806
268,00-0035208,Olamide Zaccheaus,WR,26286,2,7.0,0,1.0,0,32,44,478.0,2,543.0,157.0,22.0,24.548624999897967,90.5,0.0,0,0,0.0,0.0,1.0,1.0,0.0,0,0,0,00-0035208,6271,73.50000072270632
269,00-0035215,Deonte Harty,WR,4044,0,0.0,0,0.0,0,2,2,13.0,0,5.0,8.0,0.0,-1.210729691607412,3.3,0.0,0,0,0.0,0.0,0.0,0.0,0.0,0,0,0,00-0035215,6234,2.3000000193715096
270,00-0035216,Diontae Johnson,WR,24264,6,23.0,0,1.0,0,61,105,565.0,0,1039.0,133.0,29.0,-26.309891801392236,121.8,0.0,0,0,0.0,0.0,1.0,0.0,0.0,0,0,1,00-0035216,5937,90.30000087618828
271,00-0035217,Benny Snell,RB,4044,18,86.0,1,6.0,0,2,2,17.0,0,-1.0,18.0,1.0,1.564240626001265,18.3,0.0,0,0,0.0,0.0,0.0,0.0,0.0,0,0,0,00-0035217,6156,17.30000015348196
272,00-0035222,Zach Gentry,TE,20220,0,0.0,0,0.0,0,16,19,104.0,0,40.0,88.0,5.0,-0.6706617933384913,26.4,0.0,0,0,0.0,0.0,0.0,0.0,0.0,0,0,0,00-0035222,6018,18.400000154972076
273,00-0035228,Kyler Murray,QB,20220,66,415.0,3,23.0,1,0,0,0.0,0,0.0,0.0,0.0,0.0,199.86,7.0,3,0,4.0,2.0,0.0,0.0,2359.0,14,3,0,00-0035228,5849,199.85999850928783
274,00-0035229,T.J. Hockenson,TE,24264,0,0.0,0,0.0,0,56,83,620.0,4,567.0,295.0,31.0,5.392300318754204,144.0,0.0,0,0,0.0,0.0,0.0,0.0,0.0,0,0,1,00-0035229,5844,116.000000923872
275,00-0035243,Miles Sanders,RB,24264,187,924.0,9,48.0,0,17,20,74.0,0,-11.0,89.0,1.0,-3.9473426153417677,170.8,0.0,0,0,0.0,0.0,0.0,0.0,0.0,0,0,0,00-0035243,6151,162.3000014871359
276,00-0035249,Josh Oliver,TE,16176,0,0.0,0,0.0,0,11,18,130.0,2,106.0,60.0,7.0,8.288542431631392,36.0,0.0,0,0,0.0,0.0,0.0,0.0,0.0,0,0,0,00-0035249,5973,30.500000193715096
277,00-0035250,Devin Singletary,RB,24264,137,603.0,4,32.0,0,31,42,226.0,1,-3.0,215.0,13.0,5.53602102910264,139.9,0.0,0,0,2.0,2.0,0.0,0.0,0.0,0,0,0,00-0035250,6130,122.40000123530626
278,00-0035259,Trevon Wesco,TE,8088,0,0.0,0,0.0,0,2,4,26.0,0,23.0,12.0,1.0,-0.3263465259806253,6.6000000000000005,0.0,0,0,0.0,0.0,0.0,0.0,0.0,0,0,1,00-0035259,6181,5.600000038743019
279,00-0035261,Tony Pollard,RB,24264,148,852.0,8,37.0,0,25,36,259.0,2,8.0,260.0,11.0,4.334354088449517,196.10000000000002,0.0,0,0,0.0,0.0,0.0,0.0,0.0,0,0,0,00-0035261,5967,183.600001655519
280,00-0035264,Jarrett Stidham,QB,2022,0,0.0,0,0.0,0,0,0,0.0,0,0.0,0.0,0.0,0.0,2.88,0.0,0,0,0.0,0.0,0.0,0.0,72.0,0,0,0,00-0035264,6136,2.8799999356269836
281,00-0035272,Andrew Van Ginkel,OLB,2022,0,0.0,0,0.0,0,0,0,0.0,0,0.0,0.0,0.0,0.0,6.0,0.0,0,0,0.0,0.0,0.0,0.0,0.0,0,0,0,00-0035272,,0.0
282,00-0035277,Michael Jackson,CB,2022,0,0.0,0,0.0,0,0,0,0.0,0,0.0,0.0,0.0,0.0,6.0,0.0,0,0,0.0,0.0,0.0,0.0,0.0,0,0,0,00-0035277,,0.0
283,00-0035289,Gardner Minshew,QB,4044,1,-1.0,0,0.0,0,0,0,0.0,0,0.0,0.0,0.0,0.0,1.26,0.0,0,0,0.0,0.0,0.0,0.0,34.0,0,0,0,00-0035289,6011,1.259999968111515
284,00-0035291,Trayveon Williams,RB,6066,5,28.0,0,1.0,0,1,2,24.0,0,14.0,8.0,1.0,2.252143259946024,6.2,0.0,0,0,0.0,0.0,0.0,0.0,0.0,0,0,0,00-0035291,6144,5.700000077486038
285,00-0035298,Scott Miller,WR,16176,1,8.0,0,0.0,0,22,36,177.0,0,433.0,27.0,8.0,1.7989393914774476,40.5,0.0,0,0,0.0,0.0,0.0,0.0,0.0,0,0,0,00-0035298,6290,29.500000275671482
286,00-0035308,Tommy Sweeney,TE,2022,0,0.0,0,0.0,0,1,1,7.0,0,-1.0,8.0,1.0,0.8010767865926027,1.7000000000000002,0.0,0,0,0.0,0.0,0.0,0.0,0.0,0,0,0,00-0035308,6137,1.2000000104308128
287,00-0035311,Myles Gaskin,RB,4044,10,26.0,0,2.0,0,4,6,28.0,0,17.0,20.0,0.0,-4.269892948854249,9.4,0.0,0,0,0.0,0.0,0.0,0.0,0.0,0,0,0,00-0035311,5980,7.4000000804662704
288,00-0035327,C.J. Moore,FS,2022,1,13.0,0,1.0,0,0,0,0.0,0,0.0,0.0,0.0,0.0,1.3,0.0,0,0,0.0,0.0,0.0,0.0,0.0,0,0,0,00-0035327,,1.3000000193715096
289,00-0035329,Donald Parham,TE,4044,0,0.0,0,0.0,0,3,4,53.0,0,51.0,11.0,2.0,2.284087313314242,8.3,0.0,0,0,0.0,0.0,0.0,0.0,0.0,0,0,0,00-0035329,6074,6.800000078976154
290,00-0035341,Trenton Irwin,WR,10110,1,11.0,0,1.0,0,8,13,111.0,1,124.0,34.0,5.0,6.522650047962088,26.2,0.0,0,0,0.0,0.0,0.0,0.0,0.0,0,0,0,00-0035341,6598,22.200000181794167
291,00-0035345,Chris Myarick,TE,14154,0,0.0,0,0.0,0,7,8,65.0,1,23.0,38.0,5.0,7.242674909415655,19.5,0.0,0,0,0.0,0.0,0.0,0.0,0.0,0,0,0,00-0035345,6529,16.000000096857548
292,00-0035359,David Sills,WR,14154,0,0.0,0,0.0,0,11,17,106.0,0,133.0,40.0,7.0,4.902425638021668,21.6,0.0,0,0,0.0,0.0,0.0,0.0,0.0,0,0,0,00-0035359,6154,16.10000015795231
293,00-0035399,Stanley Morgan,WR,2022,0,0.0,0,0.0,0,0,1,0.0,0,0.0,0.0,0.0,-3.1803987219464034,0.0,0.0,0,0,0.0,0.0,0.0,0.0,0.0,0,0,0,00-0035399,6069,0.0
294,00-0035406,Lil'Jordan Humphrey,WR,6066,0,0.0,0,0.0,0,2,4,20.0,0,27.0,15.0,0.0,0.31961415556725115,4.0,0.0,0,0,0.0,0.0,0.0,0.0,0.0,0,0,0,00-0035406,5938,3.0000000298023224
295,00-0035414,Jalen Guyton,WR,4044,0,0.0,0,0.0,0,2,4,64.0,0,115.0,7.0,2.0,4.264032681277691,8.4,0.0,0,0,0.0,0.0,0.0,0.0,0.0,0,0,0,00-0035414,6421,7.400000095367432
296,00-0035432,Jason Moore,WR,2022,0,0.0,0,0.0,0,1,2,5.0,0,24.0,0.0,0.0,-0.7422923792619258,1.5,0.0,0,0,0.0,0.0,0.0,0.0,0.0,0,0,0,00-0035432,6247,1.0000000074505806
297,00-0035457,Tyron Johnson,WR,2022,0,0.0,0,0.0,0,1,1,8.0,0,-2.0,10.0,0.0,0.6337599324760959,1.8,0.0,0,0,0.0,0.0,0.0,0.0,0.0,0,0,0,00-0035457,,1.300000011920929
298,00-0035500,Greg Dortch,WR,16176,2,4.0,0,0.0,0,34,39,324.0,2,157.0,210.0,15.0,15.053149868597655,78.8,0.0,0,0,0.0,0.0,0.0,0.0,0.0,0,0,0,00-0035500,5970,61.80000048875809
299,00-0035510,Jeff Smith,WR,12132,0,0.0,0,0.0,0,4,6,57.0,0,60.0,28.0,3.0,4.035426113696303,9.700000000000001,0.0,0,0,0.0,0.0,0.0,0.0,0.0,0,0,0,00-0035510,6557,7.700000084936619
300,00-0035527,Andy Isabella,WR,4044,0,0.0,0,0.0,0,2,5,21.0,0,70.0,5.0,2.0,0.3533556764500596,4.1,0.0,0,0,0.0,0.0,0.0,0.0,0.0,0,0,0,00-0035527,,3.1000000312924385
301,00-0035535,Darius Slayton,WR,18198,0,0.0,0,0.0,0,33,52,566.0,2,712.0,197.0,25.0,35.58999115944607,101.60000000000001,0.0,0,0,0.0,0.0,0.0,0.0,0.0,0,0,0,00-0035535,6149,85.10000084340572
302,00-0035537,Ty Johnson,RB,14154,15,95.0,1,2.0,0,9,16,64.0,0,50.0,51.0,1.0,-7.2146837575752665,30.900000000000002,0.0,0,0,0.0,0.0,0.0,0.0,0.0,0,0,0,00-0035537,6039,26.400000236928463
303,00-0035544,Tom Kennedy,WR,10110,0,0.0,0,0.0,0,8,15,141.0,0,129.0,78.0,7.0,7.931223585629738,22.1,0.0,0,0,0.0,0.0,0.0,0.0,0.0,0,0,0,00-0035544,6588,18.100000210106373
304,00-0035547,Jody Fortson,TE,16176,0,0.0,0,0.0,0,9,12,108.0,2,84.0,40.0,6.0,9.10017952384078,31.8,0.0,0,0,0.0,0.0,0.0,0.0,0.0,0,0,0,00-0035547,6665,27.30000016093254
305,00-0035562,Jesper Horsted,TE,4044,0,0.0,0,0.0,0,3,4,19.0,0,26.0,6.0,0.0,0.026683711330406368,4.9,0.0,0,0,0.0,0.0,0.0,0.0,0.0,0,0,0,00-0035562,6075,3.4000000283122063
306,00-0035567,Craig Reynolds,RB,12132,23,102.0,0,4.0,0,9,10,116.0,0,8.0,112.0,5.0,5.997502274305266,30.8,0.0,0,0,0.0,0.0,0.0,0.0,0.0,0,0,0,00-0035567,6659,26.300000324845314
307,00-0035572,Parker Hesse,TE,14154,0,0.0,0,0.0,0,7,9,75.0,0,60.0,27.0,5.0,7.7605577009380795,14.5,0.0,0,0,0.0,0.0,0.0,0.0,0.0,0,0,0,00-0035572,6662,11.000000111758709
308,00-0035593,Juwann Winfree,WR,6066,0,0.0,0,0.0,0,1,4,17.0,0,52.0,5.0,1.0,-0.9984831518377177,2.7,0.0,0,0,0.0,0.0,0.0,0.0,0.0,0,0,0,00-0035593,6223,2.200000025331974
309,00-0035594,Travis Homer,RB,12132,9,43.0,0,3.0,0,10,11,124.0,1,16.0,104.0,6.0,3.8658093666890636,32.7,0.0,0,0,0.0,0.0,0.0,0.0,0.0,0,0,0,00-0035594,6012,27.700000248849392
310,00-0035603,Kendall Blanton,TE,4044,0,0.0,0,0.0,0,2,2,35.0,0,12.0,23.0,1.0,1.9455287664895877,5.5,0.0,0,0,0.0,0.0,0.0,0.0,0.0,0,0,0,00-0035603,,4.500000052154064
311,00-0035609,Jake Gervase,ILB,2022,0,0.0,0,0.0,0,1,1,12.0,0,6.0,6.0,1.0,2.6160584269091487,2.2,0.0,0,0,0.0,0.0,0.0,0.0,0.0,0,0,0,00-0035609,,1.7000000178813934
312,00-0035624,N'Keal Harry,WR,8088,0,0.0,0,0.0,0,5,6,93.0,1,99.0,10.0,3.0,6.972707626933698,20.3,0.0,0,0,0.0,0.0,0.0,0.0,0.0,0,0,0,00-0035624,5878,17.8000001385808
313,00-0035628,D'Ernest Johnson,RB,6066,4,17.0,0,1.0,0,3,3,7.0,0,-1.0,8.0,0.0,-0.9645693320198916,5.4,0.0,0,0,0.0,0.0,0.0,0.0,0.0,0,0,0,00-0035628,6694,3.900000035762787
314,00-0035631,Drew Sample,TE,4044,0,0.0,0,0.0,0,2,2,-2.0,0,-2.0,0.0,0.0,-3.0159643418687336,1.7999999999999998,0.0,0,0,0.0,0.0,0.0,0.0,0.0,0,0,0,00-0035631,6001,0.7999999970197678
315,00-0035639,Parris Campbell,WR,26286,3,31.0,0,1.0,0,50,68,497.0,3,403.0,255.0,26.0,11.561826765579495,120.8,0.0,0,0,0.0,0.0,0.0,0.0,0.0,0,0,0,00-0035639,5880,95.80000078678131
316,00-0035640,DK Metcalf,WR,24264,0,0.0,0,0.0,0,67,100,798.0,5,1081.0,174.0,37.0,19.02392389679508,172.8,0.0,0,0,0.0,0.0,2.0,2.0,0.0,0,0,0,00-0035640,5846,137.30000118911266
317,00-0035644,Noah Fant,TE,24264,0,0.0,0,0.0,0,37,46,382.0,2,296.0,195.0,18.0,15.556426923672634,87.2,0.0,0,0,0.0,0.0,0.0,0.0,0.0,0,0,0,00-0035644,5857,68.70000056922436
318,00-0035645,Gunner Olszewski,WR,12132,5,29.0,0,1.0,0,3,4,43.0,0,33.0,13.0,1.0,1.6596312492911238,10.200000000000001,0.0,0,0,0.0,0.0,0.0,0.0,0.0,0,0,0,00-0035645,6699,8.70000010728836
319,00-0035657,Damien Harris,RB,18198,84,383.0,3,19.0,0,13,16,75.0,0,9.0,71.0,4.0,0.1315247690945398,76.80000000000001,0.0,0,0,0.0,0.0,0.0,0.0,0.0,0,0,0,00-0035657,5890,70.30000068247318
320,00-0035659,Terry McLaurin,WR,26286,6,17.0,0,1.0,0,62,98,945.0,3,1273.0,338.0,44.0,40.28826491444971,176.20000000000002,0.0,0,0,1.0,0.0,0.0,0.0,0.0,0,0,0,00-0035659,5927,144.2000014334917
321,00-0035662,Marquise Brown,WR,14154,0,0.0,0,0.0,0,49,72,531.0,3,757.0,178.0,26.0,9.222372621734394,120.10000000000001,0.0,0,0,0.0,0.0,1.0,0.0,0.0,0,0,0,00-0035662,5848,94.60000079125166
322,00-0035664,Darrell Henderson,RB,20220,70,283.0,3,14.0,0,17,22,102.0,0,28.0,110.0,5.0,-2.261365839134669,73.5,0.0,0,0,0.0,0.0,0.0,0.0,0.0,0,0,0,00-0035664,5916,65.0000005736947
323,00-0035676,A.J. Brown,WR,24264,0,0.0,0,0.0,0,61,96,950.0,9,1073.0,351.0,41.0,41.09414610363161,206.0,0.0,0,0,0.0,0.0,2.0,2.0,0.0,0,0,0,00-0035676,5859,173.5000014156103
324,00-0035685,David Montgomery,RB,24264,160,641.0,4,35.0,0,25,30,244.0,0,45.0,216.0,7.0,0.2082075186322001,135.5,0.0,0,0,0.0,0.0,1.0,1.0,0.0,0,0,0,00-0035685,5892,122.00000131875277
325,00-0035689,Dawson Knox,TE,22242,0,0.0,0,0.0,0,33,43,327.0,2,297.0,123.0,17.0,4.698062756230076,77.7,0.0,0,0,0.0,0.0,0.0,0.0,0.0,0,0,0,00-0035689,5906,61.20000048726797
326,00-0035700,Josh Jacobs,RB,24264,242,1303.0,10,72.0,0,42,50,331.0,0,14.0,319.0,13.0,1.7442701030055652,263.4,0.0,0,0,1.0,0.0,1.0,1.0,0.0,0,0,0,00-0035700,5850,240.40000243484974
327,00-0035703,Miles Boykin,WR,4044,0,0.0,0,0.0,0,1,2,11.0,0,46.0,0.0,1.0,-0.399341695883777,2.1,0.0,0,0,0.0,0.0,0.0,0.0,0.0,0,0,0,00-0035703,5965,1.6000000163912773
328,00-0035710,Daniel Jones,QB,24264,91,522.0,4,42.0,0,0,0,0.0,0,0.0,0.0,0.0,0.0,202.8,4.0,3,2,2.0,1.0,0.0,0.0,2365.0,11,1,0,00-0035710,5870,201.79999866336584
329,00-0035719,Deebo Samuel,WR,22242,37,207.0,2,7.0,0,50,86,569.0,2,399.0,432.0,22.0,7.201930112052302,149.6,0.0,0,0,2.0,1.0,0.0,0.0,0.0,0,0,0,00-0035719,5872,122.60000115633011
330,00-0035726,Jakob Johnson,FB,8088,0,0.0,0,0.0,0,3,4,6.0,0,5.0,5.0,0.0,-2.47506393911317,3.6,0.0,0,0,0.0,0.0,0.0,0.0,0.0,0,0,0,00-0035726,6202,2.1000000089406967
331,00-0035771,Mitchell Wilcox,TE,12132,0,0.0,0,0.0,0,7,7,60.0,0,26.0,34.0,2.0,1.4132296890602447,13.0,0.0,0,0,0.0,0.0,0.0,0.0,0.0,0,0,0,00-0035771,6894,9.500000089406967
332,00-0035806,Jamycal Hasty,RB,18198,25,120.0,1,3.0,0,12,15,90.0,1,-14.0,86.0,4.0,5.939403849133029,45.0,0.0,0,0,0.0,0.0,0.0,0.0,0.0,0,0,0,00-0035806,6996,39.000000312924385
333,00-0035823,Ben Ellefson,TE,4044,0,0.0,0,0.0,0,3,3,26.0,0,15.0,11.0,2.0,0.7453874025959522,5.6000000000000005,0.0,0,0,0.0,0.0,0.0,0.0,0.0,0,0,0,00-0035823,7288,4.100000038743019
334,00-0035831,James Robinson,RB,22242,110,425.0,3,22.0,0,11,14,51.0,2,7.0,57.0,5.0,1.595253336126916,88.6,0.0,0,0,1.0,0.0,0.0,0.0,0.0,0,0,0,00-0035831,6955,82.10000070929527
335,00-0035860,Tony Jones,RB,4044,9,22.0,0,3.0,0,4,6,30.0,0,-15.0,32.0,0.0,-4.162528712186031,9.2,0.0,0,0,0.0,0.0,0.0,0.0,0.0,0,0,0,00-0035860,6984,7.200000077486038
336,00-0035864,Kendall Hinton,WR,18198,1,13.0,0,1.0,0,19,25,273.0,0,268.0,119.0,11.0,14.087812748417491,47.6,0.0,0,0,0.0,0.0,0.0,0.0,0.0,0,0,0,00-0035864,7210,38.10000042617321
337,00-0035876,Andre Baccellia,WR,6066,0,0.0,0,0.0,0,5,7,32.0,0,60.0,11.0,3.0,1.945338017307222,8.2,0.0,0,0,0.0,0.0,0.0,0.0,0.0,0,0,0,00-0035876,7233,5.700000047683716
338,00-0035889,Tommy Townsend,P,2022,0,0.0,0,0.0,0,0,0,0.0,0,0.0,0.0,0.0,0.0,0.0,0.0,0,0,0.0,0.0,0.0,0.0,0.0,0,0,0,00-0035889,,0.0
339,00-0035891,Cody White,WR,2022,0,0.0,0,0.0,0,1,1,2.0,0,0.0,2.0,0.0,-0.4159273165278137,1.2,0.0,0,0,0.0,0.0,0.0,0.0,0.0,0,0,0,00-0035891,7039,0.7000000029802322
340,00-0035939,Bryce Perkins,QB,8088,18,92.0,0,6.0,0,0,0,0.0,0,0.0,0.0,0.0,0.0,15.640000000000002,2.0,0,0,0.0,0.0,0.0,0.0,161.0,1,0,0,00-0035939,7335,17.639999993145466
341,00-0035956,Giovanni Ricci,TE,10110,0,0.0,0,0.0,0,7,8,68.0,0,27.0,48.0,2.0,0.968247918413732,13.8,0.0,0,0,0.0,0.0,0.0,0.0,0.0,0,0,0,00-0035956,7216,10.300000101327896
342,00-0035973,Patrick Taylor,RB,2022,1,6.0,0,1.0,0,0,0,0.0,0,0.0,0.0,0.0,0.0,0.6000000000000001,0.0,0,0,0.0,0.0,0.0,0.0,0.0,0,0,0,00-0035973,6963,0.6000000089406967
343,00-0035993,Tyler Huntley,QB,2022,10,41.0,1,5.0,0,0,0,0.0,0,0.0,0.0,0.0,0.0,15.580000000000002,1.0,0,0,0.0,0.0,0.0,0.0,187.0,0,0,0,00-0035993,7083,16.579999893903732
344,00-0036005,Noah Togiai,TE,2022,0,0.0,0,0.0,0,0,1,0.0,0,4.0,0.0,0.0,-0.6405635392293334,0.0,0.0,0,0,0.0,0.0,0.0,0.0,0.0,0,0,0,00-0036005,7404,0.0
345,00-0036020,Salvon Ahmed,RB,4044,4,13.0,0,1.0,0,0,0,0.0,0,0.0,0.0,0.0,0.0,1.3,0.0,0,0,0.0,0.0,0.0,0.0,0.0,0,0,0,00-0036020,6918,1.3000000193715096
346,00-0036032,Sean McKeon,TE,4044,0,0.0,0,0.0,0,2,3,11.0,0,1.0,7.0,1.0,0.15023799089249223,3.1,0.0,0,0,0.0,0.0,0.0,0.0,0.0,0,0,0,00-0036032,6964,2.1000000163912773
347,00-0036040,Juwan Johnson,TE,24264,0,0.0,0,0.0,0,31,49,349.0,5,420.0,124.0,15.0,9.421638060909387,95.9,0.0,0,0,0.0,0.0,0.0,0.0,0.0,0,0,0,00-0036040,7002,80.40000052005053
348,00-0036096,J.J. Taylor,RB,2022,10,9.0,0,0.0,0,1,1,8.0,0,3.0,5.0,0.0,0.8876697216182947,2.7,0.0,0,0,0.0,0.0,0.0,0.0,0.0,0,0,0,00-0036096,,2.200000025331974
349,00-0036133,James Proche,WR,10110,0,0.0,0,0.0,0,8,12,62.0,0,78.0,16.0,3.0,-1.405633794842288,12.200000000000001,1.0,0,0,0.0,0.0,0.0,0.0,0.0,0,0,0,00-0036133,6957,9.2000000923872
350,00-0036145,Lawrence Cager,TE,10110,0,0.0,0,0.0,0,5,9,49.0,1,68.0,36.0,3.0,-8.756780484225601,15.9,0.0,0,0,0.0,0.0,0.0,0.0,0.0,0,0,0,00-0036145,7106,13.40000007301569
351,00-0036158,J.K. Dobbins,RB,8088,35,123.0,1,10.0,0,6,6,39.0,1,3.0,36.0,3.0,1.6661835570121184,34.2,0.0,0,0,0.0,0.0,0.0,0.0,0.0,0,0,0,00-0036158,6806,31.20000024139881
352,00-0036165,Isaiah Hodgins,WR,10110,0,0.0,0,0.0,0,17,21,186.0,1,189.0,47.0,11.0,6.935986511118244,39.6,0.0,0,0,0.0,0.0,1.0,1.0,0.0,0,0,0,00-0036165,6920,30.100000277161598
353,00-0036176,Mason Kinsey,WR,2022,0,0.0,0,0.0,0,1,1,3.0,0,3.0,0.0,0.0,0.004852446261793375,1.3,0.0,0,0,0.0,0.0,0.0,0.0,0.0,0,0,0,00-0036176,7436,0.8000000044703484
354,00-0036182,Nick Westbrook-Ikhine,WR,20220,0,0.0,0,0.0,0,19,33,347.0,2,447.0,99.0,14.0,10.601894908327889,65.7,0.0,0,0,0.0,0.0,0.0,0.0,0.0,0,0,0,00-0036182,7496,56.20000051707029
355,00-0036187,Reggie Gilliam,FB,6066,0,0.0,0,0.0,0,7,9,57.0,1,56.0,44.0,3.0,3.0676668639061972,18.7,0.0,0,0,0.0,0.0,0.0,0.0,0.0,0,0,0,00-0036187,7204,15.200000084936619
356,00-0036194,Devin Asiasi,TE,4044,0,0.0,0,0.0,0,0,2,0.0,0,54.0,0.0,0.0,-0.9422734071267769,0.0,0.0,0,0,0.0,0.0,0.0,0.0,0.0,0,0,0,00-0036194,6956,0.0
357,00-0036196,Gabe Davis,WR,22242,0,0.0,0,0.0,0,35,67,665.0,6,1048.0,130.0,27.0,15.574970807748619,137.5,0.0,0,0,0.0,0.0,0.0,0.0,0.0,0,0,0,00-0036196,6943,120.00000099092722
358,00-0036212,Tua Tagovailoa,QB,20220,19,35.0,0,2.0,0,0,0,0.0,0,0.0,0.0,0.0,0.0,189.86,5.0,2,1,1.0,0.0,0.0,0.0,2859.0,21,0,0,00-0036212,6768,191.85999749600887
359,00-0036219,Marquez Callaway,WR,18198,0,0.0,0,0.0,0,16,31,158.0,1,363.0,35.0,11.0,-5.768205107430354,37.800000000000004,0.0,0,0,0.0,0.0,0.0,0.0,0.0,0,0,0,00-0036219,6989,29.800000235438347
360,00-0036223,Jonathan Taylor,RB,20220,192,861.0,4,39.0,0,27,39,130.0,0,-63.0,185.0,4.0,-17.328657552197992,144.1,0.0,0,0,3.0,3.0,0.0,0.0,0.0,0,0,0,00-0036223,6813,127.60000147670507
361,00-0036226,Jacob Eason,QB,2022,0,0.0,0,0.0,0,0,0,0.0,0,0.0,0.0,0.0,0.0,0.3599999999999999,1.0,0,0,0.0,0.0,0.0,0.0,59.0,0,0,0,00-0036226,,1.3599999472498894
362,00-0036228,Dezmon Patmon,WR,2022,0,0.0,0,0.0,0,2,6,24.0,0,73.0,7.0,1.0,-7.643115597777069,4.4,0.0,0,0,0.0,0.0,0.0,0.0,0.0,0,0,0,00-0036228,6985,3.400000035762787
363,00-0036232,Harrison Bryant,TE,20220,1,8.0,0,1.0,0,24,34,185.0,1,213.0,83.0,10.0,1.5193187418727776,49.3,0.0,0,0,0.0,0.0,0.0,0.0,0.0,0,0,0,00-0036232,6850,37.30000028759241
364,00-0036233,Donovan Peoples-Jones,WR,24264,1,2.0,0,0.0,0,45,68,637.0,1,780.0,129.0,25.0,23.96489185346697,118.9,0.0,0,0,0.0,0.0,1.0,1.0,0.0,0,0,0,00-0036233,6824,89.4000009521842
365,00-0036244,Colby Parkinson,TE,18198,0,0.0,0,0.0,0,14,17,184.0,1,120.0,104.0,9.0,8.03873818879947,38.400000000000006,0.0,0,0,0.0,0.0,0.0,0.0,0.0,0,0,0,00-0036244,6865,31.400000274181366
366,00-0036250,Tyler Davis,TE,10110,0,0.0,0,0.0,0,4,7,26.0,0,27.0,27.0,1.0,-6.4450322380289435,6.6,0.0,0,0,0.0,0.0,0.0,0.0,0.0,0,0,0,00-0036250,7131,4.600000038743019
367,00-0036251,Zack Moss,RB,18198,24,122.0,0,4.0,0,7,8,27.0,0,-5.0,29.0,1.0,-3.666988941375166,19.9,0.0,0,0,1.0,1.0,0.0,0.0,0.0,0,0,0,00-0036251,6845,15.400000222027302
368,00-0036252,Michael Pittman,WR,24264,0,0.0,0,0.0,0,76,107,755.0,2,693.0,297.0,40.0,19.173309386829246,161.5,0.0,0,0,0.0,0.0,2.0,1.0,0.0,0,0,0,00-0036252,6819,121.50000112503767
369,00-0036255,Denzel Mims,WR,12132,0,0.0,0,0.0,0,7,17,138.0,0,226.0,67.0,4.0,0.4270579355177575,20.8,0.0,0,0,0.0,0.0,0.0,0.0,0.0,0,0,0,00-0036255,6849,17.300000205636024
370,00-0036259,Jauan Jennings,WR,22242,0,0.0,0,0.0,0,26,41,303.0,1,322.0,149.0,19.0,14.443981388176326,62.3,0.0,0,0,0.0,0.0,1.0,0.0,0.0,0,0,0,00-0036259,7049,48.300000451505184
371,00-0036261,Brandon Aiyuk,WR,24264,1,7.0,0,0.0,0,56,83,698.0,6,781.0,293.0,31.0,27.593248139981768,160.5,0.0,0,0,0.0,0.0,1.0,1.0,0.0,0,0,0,00-0036261,6803,131.50000105053186
372,00-0036264,Jordan Love,QB,6066,0,0.0,0,0.0,0,0,0,0.0,0,0.0,0.0,0.0,0.0,11.44,0.0,0,0,0.0,0.0,0.0,0.0,186.0,1,0,0,00-0036264,6804,11.439999833703041
373,00-0036265,A.J. Dillon,RB,26286,143,624.0,3,35.0,0,23,33,159.0,0,13.0,150.0,7.0,-4.104950899129913,119.30000000000001,0.0,0,0,0.0,0.0,1.0,0.0,0.0,0,0,0,00-0036265,6828,106.80000116676092
374,00-0036268,Laviska Shenault,WR,16176,6,50.0,1,1.0,0,17,20,167.0,1,-20.0,200.0,5.0,6.254691777518019,50.7,0.0,0,0,0.0,0.0,0.0,0.0,0.0,0,0,0,00-0036268,6814,42.2000003233552
375,00-0036271,Quez Watkins,WR,22242,1,-3.0,0,0.0,0,22,30,296.0,3,289.0,112.0,10.0,6.985924972030912,67.3,0.0,0,0,0.0,0.0,1.0,1.0,0.0,0,0,0,00-0036271,6927,55.30000043660402
376,00-0036275,D'Andre Swift,RB,18198,64,354.0,4,13.0,1,28,41,235.0,2,25.0,274.0,12.0,7.944662396850746,124.9,0.0,0,0,0.0,0.0,1.0,0.0,0.0,0,0,0,00-0036275,6790,109.9000008776784
377,00-0036277,Quintez Cephus,WR,2022,0,0.0,0,0.0,0,2,3,15.0,0,14.0,4.0,1.0,2.9725595135823824,3.5,0.0,0,0,0.0,0.0,0.0,0.0,0.0,0,0,0,00-0036277,6895,2.500000022351742
378,00-0036290,Cole Kmet,TE,26286,2,9.0,0,1.0,0,35,50,408.0,5,394.0,174.0,20.0,6.628076159695707,106.69999999999999,0.0,0,0,0.0,0.0,1.0,0.0,0.0,0,0,0,00-0036290,6826,88.20000062137842
379,00-0036297,Darrynton Evans,RB,4044,12,55.0,0,3.0,0,1,1,33.0,0,2.0,31.0,1.0,2.579272797971498,9.8,0.0,0,0,0.0,0.0,0.0,0.0,0.0,0,0,0,00-0036297,7064,9.300000131130219
380,00-0036309,Darnell Mooney,WR,22242,1,2.0,0,0.0,0,40,61,493.0,2,731.0,164.0,20.0,15.445919421472997,101.5,0.0,0,0,0.0,0.0,0.0,0.0,0.0,0,0,0,00-0036309,7090,81.50000073760748
381,00-0036313,Braden Mann,P,4044,0,0.0,0,0.0,0,0,0,0.0,0,0.0,0.0,0.0,0.0,0.68,0.0,1,0,0.0,0.0,0.0,0.0,17.0,0,0,0,00-0036313,,-0.3200000151991844
382,00-0036322,Justin Jefferson,WR,24264,4,24.0,1,2.0,0,88,127,1277.0,6,1275.0,442.0,54.0,56.91248237555895,263.46000000000004,0.0,0,0,0.0,0.0,0.0,0.0,34.0,0,0,1,00-0036322,6794,219.4600019082427
383,00-0036326,Chase Claypool,WR,26286,9,59.0,0,3.0,0,44,72,422.0,1,658.0,137.0,22.0,-2.9403342492929863,100.14,0.0,0,0,0.0,0.0,1.0,1.0,1.0,1,0,0,00-0036326,6886,77.14000071585178
384,00-0036328,Antonio Gibson,RB,26286,139,515.0,3,31.0,0,42,51,326.0,2,56.0,270.0,16.0,3.247969864185539,156.1,0.0,0,0,0.0,0.0,0.0,0.0,0.0,0,0,0,00-0036328,6945,135.10000125318766
385,00-0036329,Ashtyn Davis,SS,2022,1,2.0,0,1.0,0,0,0,0.0,0,0.0,0.0,0.0,0.0,0.2,0.0,0,0,0.0,0.0,0.0,0.0,0.0,0,0,0,00-0036329,,0.20000000298023224
386,00-0036331,Devin Duvernay,WR,24264,12,84.0,1,7.0,0,35,45,378.0,3,418.0,133.0,18.0,18.37512393950601,111.2,0.0,0,0,0.0,0.0,0.0,0.0,0.0,0,0,0,00-0036331,6847,87.70000068843365
387,00-0036332,Josiah Deguara,TE,14154,0,0.0,0,0.0,0,11,13,106.0,0,44.0,60.0,4.0,3.6279468922293745,21.6,0.0,0,0,0.0,0.0,0.0,0.0,0.0,0,0,0,00-0036332,7050,16.10000015795231
388,00-0036336,Anthony McFarland,RB,2022,6,30.0,0,3.0,0,2,2,11.0,0,-4.0,15.0,1.0,-0.4527095224475488,6.1000000000000005,0.0,0,0,0.0,0.0,0.0,0.0,0.0,0,0,0,00-0036336,6878,5.100000061094761
389,00-0036345,K.J. Osborn,WR,24264,3,6.0,0,2.0,0,30,52,262.0,2,460.0,96.0,13.0,-8.336132557750664,68.8,0.0,0,0,0.0,0.0,0.0,0.0,0.0,0,0,0,00-0036345,7066,53.80000039935112
390,00-0036355,Justin Herbert,QB,24264,41,135.0,0,13.0,0,2,2,-10.0,0,-15.0,5.0,0.0,-2.787758179299999,212.06,7.0,4,2,1.0,0.0,0.0,0.0,3339.0,20,1,0,00-0036355,6797,213.05999720096588
391,00-0036358,CeeDee Lamb,WR,24264,9,46.0,0,3.0,0,69,111,928.0,6,1157.0,330.0,49.0,34.191882620840246,202.4,0.0,0,0,0.0,0.0,0.0,0.0,0.0,0,0,0,00-0036358,6786,167.9000014513731
392,00-0036360,Clyde Edwards-Helaire,RB,20220,71,302.0,3,15.0,0,17,23,151.0,3,10.0,144.0,11.0,10.229611164977541,98.3,0.0,0,0,0.0,0.0,0.0,0.0,0.0,0,0,0,00-0036360,6820,89.8000006750226
393,00-0036365,Bryan Edwards,WR,8088,0,0.0,0,0.0,0,3,5,15.0,0,39.0,9.0,0.0,-5.9509937554339745,4.5,0.0,0,0,0.0,0.0,0.0,0.0,0.0,0,0,0,00-0036365,,3.000000022351742
394,00-0036370,Joshua Kelley,RB,14154,32,138.0,1,8.0,0,9,14,72.0,0,8.0,76.0,4.0,-0.4534482278977521,36.0,0.0,0,0,0.0,0.0,0.0,0.0,0.0,0,0,0,00-0036370,7045,31.500000312924385
395,00-0036383,Eno Benjamin,RB,18198,70,299.0,2,14.0,1,24,33,184.0,0,-39.0,222.0,10.0,4.193206166915383,86.30000000000001,0.0,0,0,0.0,0.0,0.0,0.0,0.0,0,0,0,00-0036383,6951,74.30000071972609
396,00-0036387,Jalen Reagor,WR,14154,2,25.0,0,1.0,0,6,8,87.0,1,74.0,27.0,4.0,6.575546806736384,23.200000000000003,0.0,0,0,0.0,0.0,0.0,0.0,0.0,0,0,0,00-0036387,6798,20.200000166893005
397,00-0036389,Jalen Hurts,QB,24264,132,609.0,9,53.0,1,0,0,0.0,0,0.0,0.0,0.0,0.0,304.5,3.0,4,2,5.0,0.0,0.0,0.0,2940.0,20,0,0,00-0036389,6904,298.4999982789159
398,00-0036407,Jerry Jeudy,WR,20220,1,1.0,0,1.0,0,34,59,514.0,3,741.0,218.0,23.0,18.750662892601255,103.5,0.0,0,0,0.0,0.0,0.0,0.0,0.0,0,0,0,00-0036407,6783,86.5000007674098
399,00-0036410,Tee Higgins,WR,22242,0,0.0,0,0.0,0,60,85,861.0,5,910.0,239.0,40.0,46.03116065318331,176.1,0.0,0,0,0.0,0.0,0.0,0.0,0.0,0,0,0,00-0036410,6801,146.10000128298998
400,00-0036412,K.J. Hamler,WR,12132,2,23.0,0,1.0,0,7,14,165.0,0,367.0,23.0,3.0,-0.5066834155915529,25.8,0.0,0,0,0.0,0.0,0.0,0.0,0.0,0,0,0,00-0036412,6805,22.30000028014183
401,00-0036414,Cam Akers,RB,20220,101,334.0,3,19.0,0,3,7,18.0,0,39.0,18.0,1.0,-1.7046251900028437,54.2,0.0,0,0,1.0,1.0,0.0,0.0,0.0,0,0,0,00-0036414,6938,51.700000524520874
402,00-0036415,Van Jefferson,WR,10110,0,0.0,0,0.0,0,11,23,136.0,2,350.0,16.0,9.0,-4.250625921762548,36.6,0.0,0,0,0.0,0.0,0.0,0.0,0.0,0,0,0,00-0036415,6853,31.100000202655792
403,00-0036422,Adam Trautman,TE,18198,0,0.0,0,0.0,0,16,19,173.0,1,101.0,98.0,7.0,7.1004958597477525,39.3,0.0,0,0,0.0,0.0,0.0,0.0,0.0,0,0,0,00-0036422,6869,31.30000025779009
404,00-0036423,Albert Okwuegbunam,TE,8088,0,0.0,0,0.0,0,7,11,50.0,0,25.0,39.0,2.0,-2.8349613028694876,12.0,0.0,0,0,0.0,0.0,0.0,0.0,0.0,0,0,0,00-0036423,6843,8.500000074505806
405,00-0036424,Brycen Hopkins,TE,6066,0,0.0,0,0.0,0,2,5,23.0,0,30.0,15.0,1.0,-2.2041899964096956,4.300000000000001,0.0,0,0,0.0,0.0,0.0,0.0,0.0,0,0,0,00-0036424,6926,3.3000000342726707
406,00-0036425,DeeJay Dallas,RB,16176,24,104.0,0,5.0,0,7,8,42.0,0,4.0,43.0,2.0,-0.006119402241893113,19.6,1.0,0,0,0.0,0.0,0.0,0.0,0.0,0,0,0,00-0036425,6931,17.100000217556953
407,00-0036429,Charlie Woerner,TE,4044,0,0.0,0,0.0,0,0,2,0.0,0,43.0,0.0,0.0,-1.4161579795181751,0.0,0.0,0,0,0.0,0.0,0.0,0.0,0.0,0,0,0,00-0036429,7075,0.0
408,00-0036438,Stephen Sullivan,TE,4044,0,0.0,0,0.0,0,2,3,46.0,0,24.0,21.0,2.0,3.500677842879668,6.6000000000000005,0.0,0,0,0.0,0.0,0.0,0.0,0.0,0,0,0,00-0036438,6970,5.6000000685453415
409,00-0036439,Tyrie Cleveland,WR,6066,0,0.0,0,0.0,0,2,7,28.0,0,99.0,17.0,1.0,-4.329919437528258,4.800000000000001,0.0,0,0,0.0,0.0,0.0,0.0,0.0,0,0,0,00-0036439,,3.8000000417232513
410,00-0036442,Joe Burrow,QB,24264,59,224.0,5,21.0,0,0,0,0.0,0,0.0,0.0,0.0,0.0,274.24,8.0,4,2,0.0,0.0,0.0,0.0,3446.0,25,2,0,00-0036442,6770,278.2399972528219
411,00-0036450,Ke'Shawn Vaughn,RB,6066,8,21.0,0,1.0,0,1,2,11.0,0,-2.0,12.0,1.0,0.6767641033256868,4.199999999999999,0.0,0,0,0.0,0.0,0.0,0.0,0.0,0,0,0,00-0036450,6885,3.700000047683716
412,00-0036482,Mike Strachan,WR,8088,0,0.0,0,0.0,0,3,8,59.0,0,95.0,13.0,3.0,-2.101225754877546,8.9,0.0,0,0,0.0,0.0,0.0,0.0,0.0,0,0,0,00-0036482,7944,7.400000087916851
413,00-0036493,Deon Jackson,RB,16176,44,136.0,1,9.0,0,20,22,124.0,0,-17.0,139.0,5.0,-3.6501431016949937,52.0,0.0,0,0,0.0,0.0,0.0,0.0,0.0,0,0,0,00-0036493,7551,42.00000038743019
414,00-0036497,Tim Jones,WR,8088,0,0.0,0,0.0,0,3,4,30.0,0,7.0,21.0,1.0,1.1887424494489096,6.0,0.0,0,0,0.0,0.0,0.0,0.0,0.0,0,0,0,00-0036497,8013,4.500000044703484
415,00-0036527,D.J. Turner,WR,2022,3,20.0,0,1.0,0,0,0,0.0,0,0.0,0.0,0.0,0.0,2.0,0.0,0,0,0.0,0.0,0.0,0.0,0.0,0,0,0,00-0036527,7989,2.0000000298023224
416,00-0036534,Shane Zylstra,TE,6066,0,0.0,0,0.0,0,2,3,5.0,1,23.0,0.0,1.0,0.28596371406456456,8.5,0.0,0,0,0.0,0.0,0.0,0.0,0.0,0,0,0,00-0036534,8041,7.500000007450581
417,00-0036543,Spencer Brown,RB,4044,9,43.0,0,1.0,0,2,4,10.0,0,35.0,12.0,0.0,-2.3898130847373977,7.3,0.0,0,0,0.0,0.0,0.0,0.0,0.0,0,0,0,00-0036543,7867,6.300000078976154
418,00-0036550,Rashod Bateman,WR,12132,0,0.0,0,0.0,0,15,28,285.0,2,374.0,133.0,7.0,2.6476170575045193,53.5,0.0,0,0,0.0,0.0,1.0,1.0,0.0,0,0,0,00-0036550,7571,45.000000424683094
419,00-0036554,Nico Collins,WR,20220,0,0.0,0,0.0,0,37,66,481.0,2,744.0,163.0,21.0,-1.3270556627888639,97.10000000000001,0.0,0,0,0.0,0.0,0.0,0.0,0.0,0,0,0,00-0036554,7569,78.60000071674585
420,00-0036555,Chuba Hubbard,RB,14154,41,176.0,1,11.0,0,5,7,36.0,0,3.0,36.0,1.0,-4.437744828173891,32.2,0.0,0,0,0.0,0.0,0.0,0.0,0.0,0,0,0,00-0036555,7594,29.700000315904617
421,00-0036556,Brevin Jordan,TE,12132,0,0.0,0,0.0,0,10,22,78.0,0,140.0,55.0,4.0,-16.9837687252746,17.8,0.0,0,0,0.0,0.0,0.0,0.0,0.0,0,0,0,00-0036556,7568,12.800000116229057
422,00-0036567,Elijah Mitchell,RB,8088,40,224.0,0,11.0,0,3,4,7.0,0,-7.0,16.0,0.0,-2.0129036577418447,26.1,0.0,0,0,0.0,0.0,0.0,0.0,0.0,0,0,0,00-0036567,7561,24.600000344216824
423,00-0036569,Gary Brightwell,RB,8088,9,50.0,1,4.0,0,2,2,18.0,0,0.0,18.0,2.0,1.6817207255517133,14.8,0.0,0,0,0.0,0.0,0.0,0.0,0.0,0,0,0,00-0036569,7529,13.800000101327896
424,00-0036572,Shi Smith,WR,20220,0,0.0,0,0.0,0,14,29,168.0,0,237.0,64.0,8.0,-14.69090480864562,28.8,0.0,0,0,0.0,0.0,1.0,1.0,0.0,0,0,0,00-0036572,7603,20.800000250339508
425,00-0036590,Quintin Morris,TE,10110,0,0.0,0,0.0,0,7,10,70.0,0,68.0,33.0,5.0,-2.001391872644264,12.0,0.0,0,0,0.0,0.0,1.0,1.0,0.0,0,0,0,00-0036590,7536,7.500000104308128
426,00-0036613,Jaylen Waddle,WR,24264,2,17.0,0,0.0,0,57,90,972.0,6,1096.0,325.0,47.0,57.171680066021025,189.9,0.0,0,0,0.0,0.0,1.0,1.0,0.0,0,0,0,00-0036613,7526,160.40000147372484
427,00-0036620,D'Wayne Eskridge,WR,16176,2,10.0,0,0.0,0,7,13,58.0,0,54.0,46.0,4.0,-1.964823661281784,13.8,0.0,0,0,0.0,0.0,0.0,0.0,0.0,0,0,0,00-0036620,7612,10.300000101327896
428,00-0036626,Dyami Brown,WR,12132,0,0.0,0,0.0,0,5,12,143.0,2,267.0,31.0,5.0,6.1753976795007475,31.3,0.0,0,0,0.0,0.0,0.0,0.0,0.0,0,0,0,00-0036626,7587,28.800000213086605
429,00-0036628,John Bates,TE,18198,0,0.0,0,0.0,0,14,22,108.0,1,114.0,54.0,4.0,-2.8533656677464023,30.8,0.0,0,0,0.0,0.0,1.0,0.0,0.0,0,0,0,00-0036628,7716,22.80000016093254
430,00-0036630,Tylan Wallace,WR,8088,0,0.0,0,0.0,0,3,6,21.0,0,87.0,4.0,0.0,-3.723437585053034,5.1,0.0,0,0,0.0,0.0,0.0,0.0,0.0,0,0,0,00-0036630,7595,3.6000000312924385
431,00-0036635,Ihmir Smith-Marsette,WR,6066,1,-1.0,0,0.0,0,1,4,15.0,0,28.0,5.0,0.0,-8.025093835021835,0.4,0.0,0,0,0.0,0.0,1.0,1.0,0.0,0,0,0,00-0036635,,-1.0999999791383743
432,00-0036637,Noah Gray,TE,24264,1,1.0,1,1.0,0,19,25,189.0,1,155.0,87.0,9.0,5.862440422002692,50.0,0.0,0,0,0.0,0.0,0.0,0.0,0.0,0,0,0,00-0036637,7828,40.50000028312206
433,00-0036646,Simi Fehoko,WR,4044,0,0.0,0,0.0,0,3,4,24.0,0,51.0,10.0,1.0,-1.1463221836526871,5.4,0.0,0,0,0.0,0.0,0.0,0.0,0.0,0,0,0,00-0036646,7812,3.900000035762787
434,00-0036654,Demetric Felton,RB,6066,1,-4.0,0,0.0,0,1,3,3.0,0,16.0,6.0,0.0,-1.5217328791040927,0.9,0.0,0,0,0.0,0.0,0.0,0.0,0.0,0,0,0,00-0036654,7609,0.3999999985098839
435,00-0036669,Kylin Hill,RB,2022,1,7.0,0,1.0,0,0,0,0.0,0,0.0,0.0,0.0,0.0,0.7000000000000001,0.0,0,0,0.0,0.0,0.0,0.0,0.0,0,0,0,00-0036669,,0.7000000104308128
436,00-0036671,Dax Milne,WR,14154,0,0.0,0,0.0,0,6,7,37.0,1,38.0,13.0,2.0,2.4906449001282454,15.7,0.0,0,0,0.0,0.0,0.0,0.0,0.0,0,0,0,00-0036671,7751,12.700000055134296
437,00-0036692,Miller Forristall,TE,2022,0,0.0,0,0.0,0,0,1,0.0,0,5.0,0.0,0.0,-0.5086181706283242,0.0,0.0,0,0,0.0,0.0,0.0,0.0,0.0,0,0,0,00-0036692,7854,0.0
438,00-0036727,Adam Prentice,FB,4044,1,2.0,0,1.0,0,1,1,2.0,0,3.0,-1.0,0.0,-0.5111973118036985,1.4,0.0,0,0,0.0,0.0,1.0,0.0,0.0,0,0,0,00-0036727,8025,-0.09999999403953552
439,00-0036741,Jack Stoll,TE,14154,0,0.0,0,0.0,0,8,11,97.0,0,76.0,37.0,4.0,6.181826669169823,17.700000000000003,0.0,0,0,0.0,0.0,0.0,0.0,0.0,0,0,0,00-0036741,7946,13.700000144541264
440,00-0036754,Brock Wright,TE,16176,0,0.0,0,0.0,0,13,15,141.0,1,36.0,101.0,9.0,11.45644738615374,33.1,0.0,0,0,0.0,0.0,0.0,0.0,0.0,0,0,0,00-0036754,7891,26.600000210106373
441,00-0036825,Feleipe Franks,TE,2022,0,0.0,0,0.0,0,0,2,0.0,0,56.0,0.0,0.0,-1.094847114291042,0.0,0.0,0,0,0.0,0.0,0.0,0.0,0.0,0,0,0,00-0036825,7531,0.0
442,00-0036829,Caleb Huntley,RB,22242,75,364.0,1,18.0,0,2,2,3.0,0,-6.0,9.0,0.0,-0.7645436585880816,44.7,0.0,0,0,1.0,0.0,0.0,0.0,0.0,0,0,0,00-0036829,7741,42.700000546872616
443,00-0036841,Austin Trammell,WR,2022,0,0.0,0,0.0,0,1,2,8.0,0,14.0,0.0,0.0,-1.16702099412214,1.8,0.0,0,0,0.0,0.0,0.0,0.0,0.0,0,0,0,00-0036841,,1.300000011920929
444,00-0036842,Kene Nwangwu,RB,4044,4,1.0,0,0.0,0,1,1,5.0,0,3.0,2.0,0.0,-0.007714778883382678,7.6,0.0,0,0,0.0,0.0,0.0,0.0,0.0,0,0,0,00-0036842,7720,1.1000000089406967
445,00-0036849,Tutu Atwell,WR,14154,5,32.0,0,1.0,0,6,12,187.0,1,332.0,34.0,6.0,7.991759169698455,33.900000000000006,0.0,0,0,0.0,0.0,0.0,0.0,0.0,0,0,0,00-0036849,7562,30.90000032633543
446,00-0036857,Chris Evans,RB,8088,0,0.0,0,0.0,0,3,4,38.0,1,55.0,8.0,2.0,2.309825017233379,12.8,0.0,0,0,0.0,0.0,0.0,0.0,0.0,0,0,0,00-0036857,7794,11.300000056624413
447,00-0036858,Jalen Camp,WR,2022,0,0.0,0,0.0,0,1,1,7.0,0,7.0,0.0,1.0,0.5108519167988561,1.7000000000000002,0.0,0,0,0.0,0.0,0.0,0.0,0.0,0,0,0,00-0036858,7789,1.2000000104308128
448,00-0036862,Ben Skowronek,WR,24264,1,17.0,1,1.0,0,31,50,284.0,0,373.0,119.0,11.0,-7.924278933845926,67.10000000000001,0.0,0,0,0.0,0.0,0.0,0.0,0.0,0,0,0,00-0036862,7757,51.60000044852495
449,00-0036875,Rhamondre Stevenson,RB,24264,161,734.0,4,39.0,0,56,67,383.0,1,-1.0,422.0,13.0,0.15056981290935645,197.70000000000002,0.0,0,0,0.0,0.0,1.0,0.0,0.0,0,0,0,00-0036875,7611,168.7000016644597
450,00-0036876,Kylen Granson,TE,24264,1,0.0,0,0.0,0,29,38,268.0,0,227.0,125.0,16.0,-2.1846692527795604,55.8,0.0,0,0,0.0,0.0,1.0,0.0,0.0,0,0,0,00-0036876,7602,40.30000039935112
451,00-0036877,Jaelon Darden,WR,6066,1,2.0,0,0.0,0,2,2,26.0,0,10.0,16.0,1.0,0.8616639436222613,4.800000000000001,0.0,0,0,0.0,0.0,0.0,0.0,0.0,0,0,0,00-0036877,7713,3.8000000417232513
452,00-0036879,Sam Ehlinger,QB,4044,11,54.0,0,3.0,0,0,0,0.0,0,0.0,0.0,0.0,0.0,13.560000000000002,1.0,1,1,0.0,0.0,0.0,0.0,304.0,0,0,0,00-0036879,7583,13.55999980866909
453,00-0036887,Luke Farrell,TE,6066,0,0.0,0,0.0,0,3,3,29.0,0,3.0,26.0,2.0,-1.3469911020365544,5.9,0.0,0,0,0.0,0.0,0.0,0.0,0.0,0,0,0,00-0036887,7842,4.4000000432133675
454,00-0036893,Najee Harris,RB,24264,175,671.0,4,27.0,0,30,37,148.0,2,49.0,155.0,10.0,-1.8378759232342359,146.06,0.0,0,0,1.0,0.0,1.0,1.0,4.0,0,0,0,00-0036893,7528,129.06000121682882
455,00-0036894,Pat Freiermuth,TE,22242,0,0.0,0,0.0,0,50,76,597.0,1,668.0,233.0,29.0,12.165439490014931,115.7,0.0,0,0,0.0,0.0,0.0,0.0,0.0,0,0,0,00-0036894,7600,90.70000088959932
456,00-0036898,Davis Mills,QB,20220,17,38.0,1,4.0,0,0,0,0.0,0,0.0,0.0,0.0,0.0,115.56,11.0,4,1,0.0,0.0,0.0,0.0,2144.0,11,0,0,00-0036898,7585,122.55999813973904
457,00-0036900,Ja'Marr Chase,WR,16176,4,2.0,0,0.0,0,54,82,702.0,6,731.0,323.0,38.0,37.36776058177093,158.4,0.0,0,0,0.0,0.0,1.0,1.0,0.0,0,0,0,00-0036900,7564,130.40000104904175
458,00-0036906,Khalil Herbert,RB,20220,108,643.0,4,22.0,0,6,7,62.0,1,-14.0,73.0,2.0,4.231965453538578,106.5,0.0,0,0,0.0,0.0,0.0,0.0,0.0,0,0,0,00-0036906,7608,103.50000105053186
459,00-0036912,DeVonta Smith,WR,24264,0,0.0,0,0.0,0,61,87,711.0,4,793.0,274.0,34.0,30.600463825898174,154.10000000000002,0.0,0,0,0.0,0.0,1.0,1.0,0.0,0,0,0,00-0036912,7525,122.60000105947256
460,00-0036913,Kadarius Toney,WR,10110,4,56.0,0,2.0,0,8,11,69.0,1,30.0,47.0,4.0,1.9071655168081634,26.5,0.0,0,0,0.0,0.0,0.0,0.0,0.0,0,0,0,00-0036913,7606,22.500000186264515
461,00-0036918,Jacob Harris,WR,2022,0,0.0,0,0.0,0,1,1,6.0,0,4.0,2.0,1.0,2.770695556886494,1.6,0.0,0,0,0.0,0.0,0.0,0.0,0.0,0,0,0,00-0036918,7703,1.1000000089406967
462,00-0036919,Kenneth Gainwell,RB,24264,41,183.0,4,13.0,0,13,19,95.0,0,29.0,78.0,5.0,-6.725449305668008,64.8,0.0,0,0,0.0,0.0,0.0,0.0,0.0,0,0,0,00-0036919,7567,58.30000041425228
463,00-0036924,Michael Carter,RB,22242,99,370.0,3,13.0,0,28,36,209.0,0,7.0,221.0,9.0,-0.7047415265114978,103.9,0.0,0,0,0.0,0.0,0.0,0.0,0.0,0,0,0,00-0036924,7607,89.90000086277723
464,00-0036936,Rondale Moore,WR,16176,6,-5.0,0,1.0,0,41,56,414.0,1,309.0,281.0,16.0,11.375221044392879,87.9,0.0,0,0,0.0,0.0,0.0,0.0,0.0,0,0,0,00-0036936,7601,67.40000060945749
465,00-0036945,Justin Fields,QB,24264,128,905.0,8,57.0,0,0,0,0.0,0,0.0,0.0,0.0,0.0,246.34,10.0,5,1,7.0,0.0,0.0,0.0,1896.0,13,1,0,00-0036945,7591,244.339999653399
466,00-0036950,Avery Williams,RB,20220,14,83.0,1,4.0,0,8,9,35.0,0,-22.0,54.0,1.0,-2.7985829898033088,25.8,0.0,0,0,0.0,0.0,0.0,0.0,0.0,0,0,0,00-0036950,7809,21.800000175833702
467,00-0036955,Terrace Marshall,WR,16176,0,0.0,0,0.0,0,18,34,328.0,1,418.0,104.0,16.0,13.675753475496247,56.800000000000004,0.0,0,0,0.0,0.0,0.0,0.0,0.0,0,0,0,00-0036955,7565,47.80000048875809
468,00-0036959,Michael Bandy,WR,14154,0,0.0,0,0.0,0,10,21,89.0,0,173.0,25.0,5.0,-2.3061191533342935,18.9,0.0,0,0,0.0,0.0,0.0,0.0,0.0,0,0,0,00-0036959,8076,13.900000132620335
469,00-0036963,Amon-Ra St. Brown,WR,22242,6,83.0,0,2.0,0,76,100,830.0,6,633.0,394.0,47.0,42.288085318348024,203.3,0.0,0,0,0.0,0.0,0.0,0.0,0.0,0,0,0,00-0036963,7547,165.30000136047602
470,00-0036970,Kyle Pitts,TE,20220,0,0.0,0,0.0,0,28,59,356.0,2,816.0,126.0,20.0,3.3775945608854245,75.6,0.0,0,0,0.0,0.0,0.0,0.0,0.0,0,0,0,00-0036970,7553,61.60000053048134
471,00-0036971,Trevor Lawrence,QB,24264,43,211.0,3,17.0,0,0,0,0.0,0,0.0,0.0,0.0,0.0,202.46,6.0,6,4,2.0,2.0,0.0,0.0,2834.0,17,3,0,00-0036971,7523,200.45999778062105
472,00-0036972,Mac Jones,QB,18198,30,88.0,1,9.0,0,0,0,0.0,0,0.0,0.0,0.0,0.0,105.32,7.0,3,1,1.0,0.0,0.0,0.0,1963.0,7,0,0,00-0036972,7527,108.31999837607145
473,00-0036973,Travis Etienne,RB,24264,146,782.0,4,38.0,1,25,34,214.0,0,4.0,252.0,11.0,0.9989688055501569,144.6,0.0,0,0,2.0,2.0,2.0,1.0,0.0,0,0,0,00-0036973,7543,128.10000148415565
474,00-0036980,Elijah Moore,WR,18198,4,2.0,0,1.0,0,22,42,291.0,1,565.0,67.0,14.0,6.1556252681086265,57.300000000000004,0.0,0,0,0.0,0.0,0.0,0.0,0.0,0,0,0,00-0036980,7596,46.30000043660402
475,00-0036984,Trey Sermon,RB,2022,2,19.0,0,2.0,0,0,0,0.0,0,0.0,0.0,0.0,0.0,1.9000000000000001,0.0,0,0,0.0,0.0,0.0,0.0,0.0,0,0,0,00-0036984,7593,1.9000000283122063
476,00-0036988,Josh Palmer,WR,22242,1,4.0,0,1.0,0,57,86,612.0,3,699.0,205.0,33.0,16.44573641475062,136.6,0.0,0,0,0.0,0.0,1.0,0.0,0.0,0,0,0,00-0036988,7670,107.10000091791153
477,00-0036991,Amari Rodgers,WR,8088,0,0.0,0,0.0,0,4,8,50.0,0,89.0,16.0,4.0,-3.7773174136527814,9.0,0.0,0,0,0.0,0.0,1.0,0.0,0.0,0,0,0,00-0036991,7540,6.000000074505806
478,00-0036997,Javonte Williams,RB,8088,47,204.0,0,9.0,0,16,22,76.0,0,-24.0,118.0,4.0,-5.462751143822938,42.0,0.0,0,0,1.0,1.0,0.0,0.0,0.0,0,0,0,00-0036997,7588,33.00000041723251
479,00-0036999,Anthony Schwartz,WR,12132,4,57.0,1,2.0,0,4,10,51.0,0,142.0,27.0,2.0,-7.990639030584134,18.8,0.0,0,0,0.0,0.0,1.0,1.0,0.0,0,0,0,00-0036999,7533,15.800000160932541
480,00-0037005,Tommy Tremble,TE,18198,0,0.0,0,0.0,0,11,21,101.0,2,191.0,29.0,4.0,-3.026367136928735,33.1,0.0,0,0,0.0,0.0,0.0,0.0,0.0,0,0,0,00-0037005,7694,27.600000150501728
481,00-0037011,Tre' McKitty,TE,10110,0,0.0,0,0.0,0,8,14,57.0,0,43.0,43.0,0.0,-3.4873362510697916,13.700000000000001,0.0,0,0,0.0,0.0,1.0,0.0,0.0,0,0,0,00-0037011,7554,8.700000084936619
482,00-0037012,Trey Lance,QB,4044,16,67.0,0,7.0,0,0,0,0.0,0,0.0,0.0,0.0,0.0,12.46,1.0,0,0,1.0,0.0,0.0,0.0,194.0,0,0,0,00-0037012,7610,12.459999926388264
483,00-0037013,Zach Wilson,QB,14154,24,94.0,1,6.0,0,1,1,2.0,1,2.0,0.0,1.0,1.1844526951317675,77.76,5.0,1,1,0.0,0.0,0.0,0.0,1279.0,4,0,0,00-0037013,7538,81.25999899953604
484,00-0037055,Lance McCutcheon,WR,2022,0,0.0,0,0.0,0,0,4,0.0,0,43.0,0.0,0.0,-2.4406294263899326,0.0,0.0,0,0,0.0,0.0,0.0,0.0,0.0,0,0,0,00-0037055,8745,0.0
485,00-0037078,Cole Turner,TE,10110,0,0.0,0,0.0,0,2,9,23.0,0,68.0,7.0,1.0,-6.749382402018107,4.300000000000001,0.0,0,0,0.0,0.0,0.0,0.0,0.0,0,0,0,00-0037078,8214,3.3000000342726707
486,00-0037086,Grant Calcaterra,TE,6066,0,0.0,0,0.0,0,3,3,57.0,0,25.0,32.0,1.0,3.3176089039770886,8.7,0.0,0,0,0.0,0.0,0.0,0.0,0.0,0,0,0,00-0037086,8177,7.200000084936619
487,00-0037087,Trestan Ebner,RB,10110,24,54.0,0,2.0,0,1,4,6.0,0,8.0,0.0,0.0,-2.096680666706025,7.0,0.0,0,0,0.0,0.0,0.0,0.0,0.0,0,0,0,00-0037087,8189,6.500000089406967
488,00-0037098,Samori Toure,WR,8088,0,0.0,0,0.0,0,5,10,82.0,1,174.0,11.0,2.0,3.206173419358109,19.2,0.0,0,0,0.0,0.0,1.0,0.0,0.0,0,0,0,00-0037098,8235,15.700000122189522
489,00-0037112,Jake Tonges,TE,2022,0,0.0,0,0.0,0,0,1,0.0,0,13.0,0.0,0.0,-0.568823910318315,0.0,0.0,0,0,0.0,0.0,0.0,0.0,0.0,0,0,0,00-0037112,,0.0
490,00-0037157,Zonovan Knight,RB,4044,29,159.0,0,6.0,0,8,8,62.0,0,-26.0,88.0,3.0,2.795795055455528,30.1,0.0,0,0,0.0,0.0,1.0,0.0,0.0,0,0,0,00-0037157,8122,25.100000329315662
491,00-0037168,Armani Rogers,TE,8088,1,24.0,0,1.0,0,5,6,64.0,0,13.0,57.0,4.0,3.6208556117489934,13.8,0.0,0,0,0.0,0.0,0.0,0.0,0.0,0,0,0,00-0037168,8665,11.300000131130219
492,00-0037197,Isiah Pacheco,RB,24264,111,521.0,3,21.0,0,6,6,46.0,0,-12.0,58.0,3.0,1.2027704052161425,78.7,0.0,0,0,2.0,1.0,0.0,0.0,0.0,0,0,0,00-0037197,8205,73.70000084489584
493,00-0037228,Jaylen Warren,RB,22242,39,195.0,0,12.0,0,18,20,151.0,0,-7.0,154.0,7.0,6.006641802572792,52.6,0.0,0,0,1.0,0.0,0.0,0.0,0.0,0,0,0,00-0037228,8228,42.60000051558018
494,00-0037238,Drake London,WR,26286,0,0.0,0,0.0,0,47,81,533.0,4,822.0,150.0,31.0,-2.248402000327581,124.3,0.0,0,0,0.0,0.0,1.0,1.0,0.0,0,0,1,00-0037238,8112,99.80000079423189
495,00-0037239,Chris Olave,WR,24264,0,0.0,0,0.0,0,60,98,887.0,3,1419.0,167.0,41.0,27.68626979331336,166.70000000000002,0.0,0,0,0.0,0.0,1.0,1.0,0.0,0,0,1,00-0037239,8144,135.700001321733
496,00-0037240,Jameson Williams,WR,2022,0,0.0,0,0.0,0,0,1,0.0,0,22.0,0.0,0.0,-0.5376960795838386,0.0,0.0,0,0,0.0,0.0,0.0,0.0,0.0,0,0,0,00-0037240,8148,0.0
497,00-0037247,George Pickens,WR,24264,3,24.0,1,2.0,0,37,61,512.0,2,849.0,77.0,25.0,24.884954599608704,110.60000000000001,0.0,0,0,0.0,0.0,0.0,0.0,0.0,0,0,1,00-0037247,8137,92.10000079870224
498,00-0037248,James Cook,RB,24264,60,323.0,1,14.0,0,15,24,151.0,0,56.0,109.0,4.0,6.32314834880844,66.4,0.0,0,0,1.0,1.0,0.0,0.0,0.0,0,0,0,00-0037248,8138,57.90000070631504
499,00-0037252,Greg Dulcich,TE,14154,0,0.0,0,0.0,0,25,37,319.0,1,447.0,118.0,15.0,8.658858432239233,62.900000000000006,0.0,0,0,0.0,0.0,0.0,0.0,0.0,0,0,0,00-0037252,8172,50.40000047534704
500,00-0037253,Marcus Jones,CB,4044,0,0.0,0,0.0,0,2,2,51.0,1,-8.0,59.0,1.0,3.866726900683716,19.1,0.0,0,0,0.0,0.0,0.0,0.0,0.0,0,0,0,00-0037253,,12.100000075995922
501,00-0037256,Rachaad White,RB,22242,83,314.0,1,18.0,0,35,42,221.0,1,-11.0,238.0,12.0,5.657605997897917,98.5,0.0,0,0,0.0,0.0,1.0,1.0,0.0,0,0,0,00-0037256,8136,80.00000079721212
502,00-0037257,David Bell,WR,22242,0,0.0,0,0.0,0,20,28,169.0,0,193.0,51.0,5.0,-0.20790026022586972,36.9,0.0,0,0,0.0,0.0,0.0,0.0,0.0,0,0,0,00-0037257,8118,26.900000251829624
503,00-0037258,Dameon Pierce,RB,24264,198,861.0,3,50.0,0,30,39,165.0,1,-11.0,197.0,7.0,-8.824130490393145,154.6,0.0,0,0,3.0,1.0,0.0,0.0,0.0,0,0,0,00-0037258,8129,136.60000152885914
504,00-0037261,Khalil Shakir,WR,14154,0,0.0,0,0.0,0,8,16,128.0,1,144.0,68.0,6.0,5.793761000415477,26.8,0.0,0,0,0.0,0.0,0.0,0.0,0.0,0,0,0,00-0037261,8134,22.800000190734863
505,00-0037263,Tyler Allgeier,RB,24264,131,604.0,1,28.0,0,10,10,87.0,1,-16.0,103.0,5.0,2.8363449110183865,91.1,0.0,0,0,0.0,0.0,0.0,0.0,0.0,0,0,0,00-0037263,8132,86.10000102967024
506,00-0037265,Snoop Conner,RB,4044,4,17.0,0,0.0,0,0,0,0.0,0,0.0,0.0,0.0,0.0,1.7000000000000002,0.0,0,0,0.0,0.0,0.0,0.0,0.0,0,0,0,00-0037265,8179,1.700000025331974
507,00-0037267,Jerome Ford,RB,2022,3,3.0,0,0.0,0,0,0,0.0,0,0.0,0.0,0.0,0.0,0.30000000000000004,0.0,0,0,0.0,0.0,0.0,0.0,0.0,0,0,0,00-0037267,8143,0.30000000447034836
508,00-0037272,Montrell Washington,WR,18198,5,30.0,0,0.0,0,4,9,2.0,0,153.0,13.0,0.0,-7.784386477782391,7.2,0.0,0,0,0.0,0.0,0.0,0.0,0.0,0,0,0,00-0037272,8475,5.200000047683716
509,00-0037273,Kyle Philips,WR,8088,0,0.0,0,0.0,0,8,13,78.0,0,100.0,21.0,3.0,-1.9355736239813268,15.8,0.0,0,0,0.0,0.0,0.0,0.0,0.0,0,0,0,00-0037273,8171,11.800000116229057
510,00-0037277,Teagan Quitoriano,TE,8088,0,0.0,0,0.0,0,3,7,22.0,1,75.0,13.0,1.0,-3.4749695326318033,11.2,0.0,0,0,0.0,0.0,0.0,0.0,0.0,0,0,0,00-0037277,8227,9.700000032782555
511,00-0037282,James Mitchell,TE,8088,0,0.0,0,0.0,0,5,5,48.0,1,12.0,36.0,4.0,4.803715034504421,15.8,0.0,0,0,0.0,0.0,0.0,0.0,0.0,0,0,0,00-0037282,8170,13.300000071525574
512,00-0037286,Kevin Harris,RB,4044,4,4.0,0,0.0,0,0,0,0.0,0,0.0,0.0,0.0,0.0,0.4,0.0,0,0,0.0,0.0,0.0,0.0,0.0,0,0,0,00-0037286,8174,0.4000000059604645
513,00-0037291,Jalen Nailor,WR,4044,0,0.0,0,0.0,0,2,4,28.0,0,32.0,5.0,2.0,2.2087108227424324,4.8,0.0,0,0,0.0,0.0,0.0,0.0,0.0,0,0,0,00-0037291,8180,3.8000000417232513
514,00-0037299,Keaontay Ingram,RB,12132,21,52.0,1,3.0,0,2,2,23.0,0,-4.0,27.0,1.0,1.155369499581866,15.499999999999998,0.0,0,0,0.0,0.0,0.0,0.0,0.0,0,0,0,00-0037299,8221,14.500000111758709
515,00-0037300,Michael Woods,WR,6066,0,0.0,0,0.0,0,2,6,21.0,0,140.0,8.0,2.0,-6.215278611460235,4.1,0.0,0,0,0.0,0.0,0.0,0.0,0.0,0,0,0,00-0037300,8202,3.1000000312924385
516,00-0037304,Connor Heyward,TE,10110,0,0.0,0,0.0,0,8,9,93.0,1,46.0,49.0,3.0,5.742803210683633,23.3,0.0,0,0,0.0,0.0,0.0,0.0,0.0,0,0,0,00-0037304,8181,19.3000001385808
517,00-0037311,Ko Kieft,TE,12132,0,0.0,0,0.0,0,6,8,69.0,1,50.0,25.0,4.0,4.695547560113482,18.9,0.0,0,0,0.0,0.0,0.0,0.0,0.0,0,0,0,00-0037311,8484,15.900000102818012
518,00-0037327,Skylar Thompson,QB,10110,10,14.0,0,1.0,0,0,0,0.0,0,0.0,0.0,0.0,0.0,4.5200000000000005,2.0,1,1,1.0,1.0,0.0,0.0,278.0,0,0,0,00-0037327,8206,4.519999772310257
519,00-0037331,Zander Horvath,RB,16176,4,8.0,0,2.0,0,5,8,8.0,2,6.0,1.0,2.0,-0.6216207318939269,18.6,0.0,0,0,0.0,0.0,0.0,0.0,0.0,0,0,0,00-0037331,8428,16.100000023841858
520,00-0037348,Tanner Conner,WR,4044,0,0.0,0,0.0,0,0,3,0.0,0,20.0,0.0,0.0,-2.6595457083312795,0.0,0.0,0,0,0.0,0.0,0.0,0.0,0.0,0,0,0,00-0037348,8849,0.0
521,00-0037355,Braylon Sanders,WR,2022,0,0.0,0,0.0,0,2,2,17.0,0,14.0,3.0,0.0,-5.419790979241952,1.7000000000000002,0.0,0,0,0.0,0.0,1.0,1.0,0.0,0,0,0,00-0037355,8178,-0.29999997466802597
522,00-0037382,Brandon Johnson,WR,4044,0,0.0,0,0.0,0,3,6,12.0,1,75.0,6.0,1.0,-1.932442396035185,10.2,0.0,0,0,0.0,0.0,0.0,0.0,0.0,0,0,0,00-0037382,8756,8.700000017881393
523,00-0037387,Jalen Virgil,WR,4044,0,0.0,0,0.0,0,1,3,66.0,1,57.0,40.0,1.0,5.300270169391297,13.600000000000001,0.0,0,0,0.0,0.0,0.0,0.0,0.0,0,0,0,00-0037387,8416,13.100000098347664
524,00-0037429,Raheem Blackshear,RB,12132,15,41.0,1,4.0,0,7,9,65.0,0,-11.0,66.0,1.0,-1.5540448981919326,23.6,0.0,0,0,0.0,0.0,0.0,0.0,0.0,0,0,0,00-0037429,8255,20.10000015795231
525,00-0037456,Troy Hairston,FB,8088,0,0.0,0,0.0,0,3,5,12.0,0,7.0,6.0,0.0,-5.425129919545725,4.2,0.0,0,0,0.0,0.0,0.0,0.0,0.0,0,0,0,00-0037456,8820,2.7000000178813934
526,00-0037475,Stone Smartt,TE,4044,0,0.0,0,0.0,0,3,4,9.0,0,19.0,3.0,1.0,-0.22517870599403977,3.9,0.0,0,0,0.0,0.0,0.0,0.0,0.0,0,0,0,00-0037475,8583,2.400000013411045
527,00-0037500,Ryan Wright,P,2022,0,0.0,0,0.0,0,0,0,0.0,0,0.0,0.0,0.0,0.0,0.52,0.0,0,0,0.0,0.0,0.0,0.0,13.0,0,0,0,00-0037500,,0.5199999883770943
528,00-0037525,Jordan Mason,RB,8088,18,97.0,0,5.0,0,0,0,0.0,0,0.0,0.0,0.0,0.0,9.700000000000001,0.0,0,0,0.0,0.0,0.0,0.0,0.0,0,0,0,00-0037525,8408,9.700000144541264
529,00-0037545,Rashid Shaheed,WR,14154,3,50.0,1,2.0,0,12,15,239.0,1,237.0,62.0,10.0,17.139070280053836,52.900000000000006,0.0,0,0,0.0,0.0,0.0,0.0,0.0,0,0,0,00-0037545,8676,46.90000043064356
530,00-0037557,Ronnie Rivers,RB,4044,9,21.0,0,1.0,0,5,5,29.0,0,-26.0,55.0,1.0,-0.3186214500456117,10.0,0.0,0,0,0.0,0.0,0.0,0.0,0.0,0,0,0,00-0037557,8195,7.500000074505806
531,00-0037563,Malik Davis,RB,8088,23,103.0,1,4.0,0,4,5,40.0,0,-5.0,40.0,3.0,4.12561893221573,24.3,0.0,0,0,0.0,0.0,0.0,0.0,0.0,0,0,0,00-0037563,8800,22.300000213086605
532,00-0037569,Peyton Hendershot,TE,14154,1,2.0,1,1.0,0,10,14,83.0,1,71.0,47.0,7.0,-2.674408999562729,30.5,0.0,0,0,0.0,0.0,0.0,0.0,0.0,0,0,0,00-0037569,8197,25.50000012665987
533,00-0037570,Dennis Houston,WR,4044,0,0.0,0,0.0,0,2,6,16.0,0,79.0,6.0,0.0,-5.053622178034857,3.6,0.0,0,0,0.0,0.0,0.0,0.0,0.0,0,0,0,00-0037570,,2.600000023841858
534,00-0037594,Julius Chestnut,RB,2022,5,13.0,0,1.0,0,0,0,0.0,0,0.0,0.0,0.0,0.0,1.3,0.0,0,0,0.0,0.0,0.0,0.0,0.0,0,0,0,00-0037594,,1.3000000193715096
535,00-0037617,Hassan Haskins,RB,6066,10,42.0,0,2.0,0,3,3,7.0,0,-11.0,18.0,0.0,-2.85342755028978,7.9,0.0,0,0,0.0,0.0,0.0,0.0,0.0,0,0,0,00-0037617,8123,6.40000007301569
536,00-0037664,Alec Pierce,WR,24264,0,0.0,0,0.0,0,32,60,510.0,2,750.0,90.0,23.0,19.858878057520588,95.0,0.0,0,0,0.0,0.0,1.0,0.0,0.0,0,0,0,00-0037664,8142,78.00000075995922
537,00-0037666,Jalen Tolbert,WR,4044,0,0.0,0,0.0,0,2,3,12.0,0,45.0,2.0,0.0,-0.6873334759147838,3.2,0.0,0,0,0.0,0.0,0.0,0.0,0.0,0,0,0,00-0037666,8117,2.2000000178813934
538,00-0037708,Maurice Alexander,WR,2022,0,0.0,0,0.0,0,1,1,7.0,0,3.0,4.0,0.0,-0.6631927502994128,1.7000000000000002,0.0,0,0,0.0,0.0,0.0,0.0,0.0,0,0,0,00-0037708,8921,1.2000000104308128
539,00-0037740,Garrett Wilson,WR,24264,4,4.0,0,0.0,0,57,94,790.0,4,873.0,323.0,38.0,35.230214669938334,160.4,0.0,0,0,1.0,0.0,0.0,0.0,0.0,0,0,0,00-0037740,8146,130.9000011831522
540,00-0037741,Jahan Dotson,WR,16176,2,-7.0,0,0.0,0,19,35,233.0,5,471.0,54.0,12.0,8.628464378998615,73.6,0.0,0,0,0.0,0.0,0.0,0.0,0.0,0,0,1,00-0037741,8119,64.10000033676624
541,00-0037742,Treylon Burks,WR,16176,2,12.0,0,1.0,0,25,37,359.0,1,447.0,116.0,14.0,12.941605041929503,68.1,0.0,0,0,0.0,0.0,0.0,0.0,0.0,0,0,0,00-0037742,8135,55.60000055283308
542,00-0037744,Trey McBride,TE,8088,0,0.0,0,0.0,0,9,11,46.0,0,31.0,24.0,1.0,-1.544606090290472,13.600000000000001,0.0,0,0,0.0,0.0,1.0,0.0,0.0,0,0,0,00-0037744,8130,8.100000068545341
543,00-0037745,Velus Jones,WR,10110,6,48.0,0,3.0,0,3,5,24.0,1,33.0,33.0,2.0,2.0789194187964313,16.2,0.0,0,0,0.0,0.0,0.0,0.0,0.0,0,0,0,00-0037745,8223,14.70000010728836
544,00-0037746,Brian Robinson,RB,18198,147,563.0,2,38.0,0,8,9,42.0,1,-12.0,56.0,2.0,1.752707893436309,86.5,0.0,0,0,1.0,0.0,0.0,0.0,0.0,0,0,0,00-0037746,8154,81.50000090152025
545,00-0037755,Jelani Woods,TE,16176,0,0.0,0,0.0,0,17,26,205.0,3,273.0,67.0,12.0,11.780458641756038,55.5,0.0,0,0,0.0,0.0,1.0,0.0,0.0,0,0,0,00-0037755,8219,46.000000305473804
546,00-0037801,Kavontae Turpin,WR,10110,3,17.0,0,1.0,0,1,2,9.0,0,13.0,5.0,0.0,-1.638943190847054,3.6,0.0,0,0,0.0,0.0,0.0,0.0,0.0,0,0,0,00-0037801,8917,3.100000038743019
547,00-0037805,Jeremy Ruckert,TE,2022,0,0.0,0,0.0,0,0,1,0.0,0,0.0,0.0,0.0,-0.5085544146131724,0.0,0.0,0,0,0.0,0.0,0.0,0.0,0.0,0,0,0,00-0037805,8145,0.0
548,00-0037809,Chigoziem Okonkwo,TE,20220,1,-4.0,0,0.0,0,15,25,275.0,1,227.0,155.0,12.0,12.913800533896147,48.1,0.0,0,0,0.0,0.0,0.0,0.0,0.0,0,0,0,00-0037809,8210,40.60000040382147
549,00-0037816,Romeo Doubs,WR,18198,1,11.0,0,1.0,0,31,50,314.0,3,495.0,155.0,12.0,-6.086269124469254,79.5,0.0,0,0,0.0,0.0,2.0,1.0,0.0,0,0,0,00-0037816,8121,62.00000048428774
550,00-0037827,Tyrion Davis-Price,RB,4044,16,37.0,0,2.0,0,0,2,0.0,0,0.0,0.0,0.0,-0.9328389226575382,3.7,0.0,0,0,0.0,0.0,0.0,0.0,0.0,0,0,0,00-0037827,8211,3.7000000551342964
551,00-0037828,Danny Gray,WR,6066,0,0.0,0,0.0,0,0,6,0.0,0,154.0,0.0,0.0,-5.004779860202689,0.0,0.0,0,0,0.0,0.0,0.0,0.0,0.0,0,0,0,00-0037828,8176,0.0
552,00-0037834,Brock Purdy,QB,8088,9,2.0,0,1.0,0,0,0,0.0,0,0.0,0.0,0.0,0.0,15.239999999999998,2.0,0,0,0.0,0.0,0.0,0.0,276.0,2,0,0,00-0037834,8183,17.239999756217003
553,00-0037838,Isaiah Likely,TE,20220,0,0.0,0,0.0,0,22,37,236.0,2,256.0,107.0,12.0,-1.0604020759198498,57.6,0.0,0,0,0.0,0.0,0.0,0.0,0.0,0,0,0,00-0037838,8131,46.600000351667404
554,00-0037840,Kyren Williams,RB,8088,22,89.0,0,4.0,0,7,9,63.0,0,27.0,53.0,5.0,-0.8850765498776045,22.2,0.0,0,0,0.0,0.0,0.0,0.0,0.0,0,0,0,00-0037840,8150,18.70000022649765
555,00-0038040,Zamir White,RB,16176,12,53.0,0,4.0,0,0,0,0.0,0,0.0,0.0,0.0,0.0,5.300000000000001,0.0,0,0,0.0,0.0,0.0,0.0,0.0,0,0,0,00-0038040,8139,5.300000078976154
556,00-0038041,Jake Ferguson,TE,16176,0,0.0,0,0.0,0,16,19,139.0,2,80.0,86.0,7.0,6.2066227719085845,41.9,0.0,0,0,0.0,0.0,0.0,0.0,0.0,0,0,0,00-0038041,8110,33.90000020712614
557,00-0038045,Isaiah Spiller,RB,10110,18,41.0,0,2.0,0,3,3,13.0,0,-10.0,23.0,0.0,-0.1510334150516428,8.4,0.0,0,0,0.0,0.0,0.0,0.0,0.0,0,0,0,00-0038045,8153,6.9000000804662704
558,00-0038090,Skyy Moore,WR,20220,1,12.0,0,1.0,0,17,26,205.0,0,236.0,98.0,11.0,6.222383923757768,38.7,0.0,0,0,0.0,0.0,0.0,0.0,0.0,0,0,0,00-0038090,8168,30.200000323355198
559,00-0038098,Pierre Strong,RB,2022,1,5.0,0,0.0,0,0,0,0.0,0,0.0,0.0,0.0,0.0,0.5,0.0,0,0,0.0,0.0,0.0,0.0,0.0,0,0,0,00-0038098,8116,0.5000000074505806
560,00-0038102,Kenny Pickett,QB,18198,42,209.0,3,17.0,0,0,0,0.0,0,0.0,0.0,0.0,0.0,110.78,8.0,1,1,2.0,0.0,0.0,0.0,1797.0,4,1,0,00-0038102,8160,115.77999870479107
561,00-0038104,Tyquan Thornton,WR,14154,3,16.0,1,1.0,0,12,24,117.0,1,293.0,34.0,7.0,-2.7000913342344575,37.3,0.0,0,0,0.0,0.0,0.0,0.0,0.0,0,0,0,00-0038104,8188,31.300000198185444
562,00-0038108,Bailey Zappe,QB,8088,10,0.0,0,0.0,0,1,1,-6.0,0,-8.0,2.0,0.0,-1.2425923743285239,39.64,3.0,2,2,2.0,1.0,0.0,0.0,781.0,5,0,0,00-0038108,8157,38.13999929279089
563,00-0038115,Daniel Bellinger,TE,14154,1,2.0,1,1.0,0,21,23,176.0,2,60.0,116.0,10.0,12.32796907631564,56.800000000000004,0.0,0,0,0.0,0.0,0.0,0.0,0.0,0,0,0,00-0038115,8225,46.30000026524067
564,00-0038117,Wan'Dale Robinson,WR,12132,2,-1.0,0,0.0,0,23,31,227.0,1,192.0,126.0,13.0,11.781825616408776,51.599999999999994,0.0,0,0,0.0,0.0,0.0,0.0,0.0,0,0,0,00-0038117,8126,40.10000033676624
565,00-0038120,Breece Hall,RB,14154,80,463.0,4,20.0,0,19,31,218.0,1,147.0,171.0,8.0,-1.432692304844105,115.10000000000001,0.0,0,0,0.0,0.0,1.0,1.0,0.0,0,0,0,00-0038120,8155,104.60000101476908
566,00-0038124,Christian Watson,WR,20220,5,68.0,2,2.0,0,25,40,401.0,7,555.0,174.0,17.0,30.26022048571383,125.9,0.0,0,0,0.0,0.0,0.0,0.0,0.0,0,0,0,00-0038124,8167,113.40000069886446
567,00-0038128,Malik Willis,QB,10110,19,72.0,0,3.0,0,0,0,0.0,0,0.0,0.0,0.0,0.0,7.48,1.0,0,0,2.0,2.0,0.0,0.0,157.0,0,0,0,00-0038128,8161,6.479999966919422
568,00-0038129,Cade Otton,TE,18198,0,0.0,0,0.0,0,32,45,309.0,2,221.0,135.0,15.0,10.540722588666975,74.9,0.0,0,0,0.0,0.0,0.0,0.0,0.0,0,0,0,00-0038129,8111,58.90000046044588
569,00-0038134,Kenneth Walker,RB,22242,138,649.0,9,32.0,0,19,26,116.0,0,-61.0,161.0,4.0,-11.29981199739268,149.5,0.0,0,0,0.0,0.0,0.0,0.0,0.0,0,0,0,00-0038134,8151,140.00000113993883
