,player_id,player_display_name,position,season,carries,rushing_yards,rushing_tds,rushing_first_downs,rushing_2pt_conversions,receptions,targets,receiving_yards,receiving_tds,receiving_air_yards,receiving_yards_after_catch,receiving_first_downs,receiving_epa,fantasy_points_ppr,interceptions,sack_fumbles,sack_fumbles_lost,rushing_fumbles,rushing_fumbles_lost,receiving_fumbles,receiving_fumbles_lost,passing_yards,passing_tds,passing_2pt_conversions,receiving_2pt_conversions,gsis_id,sleeper_id
0,00-0019596,Tom Brady,QB,26286,22,-7.0,0,1.0,0,0,1,0.0,0,16.0,0.0,0.0,-4.726016435190104,198.7,5.0,2,1,1.0,1.0,0.0,0.0,3585.0,17,1,0,00-0019596,167
1,00-0023459,Aaron Rodgers,QB,26286,20,67.0,0,5.0,0,0,0,0.0,0,0.0,0.0,0.0,0.0,187.26,9.0,4,2,2.0,2.0,0.0,0.0,2864.0,22,2,0,00-0023459,96
2,00-0024243,Marcedes Lewis,TE,8088,0,0.0,0,0.0,0,3,4,20.0,1,21.0,5.0,2.0,1.1725024209008552,13.0,0.0,0,0,0.0,0.0,0.0,0.0,0.0,0,0,1,00-0024243,111
3,00-0026143,Matt Ryan,QB,22242,24,70.0,1,9.0,0,0,0,0.0,0,0.0,0.0,0.0,0.0,144.0,13.0,11,3,3.0,2.0,0.0,0.0,2875.0,13,0,0,00-0026143,24
4,00-0026158,Joe Flacco,QB,8088,3,6.0,0,1.0,0,0,0,0.0,0,0.0,0.0,0.0,0.0,42.68,3.0,5,4,0.0,0.0,0.0,0.0,902.0,5,0,0,00-0026158,19
5,00-0026189,DeSean Jackson,WR,8088,0,0.0,0,0.0,0,7,10,134.0,0,209.0,18.0,4.0,8.473788925388362,20.4,0.0,0,0,0.0,0.0,0.0,0.0,0.0,0,0,0,00-0026189,147
6,00-0026197,Chad Henne,QB,2022,3,-3.0,0,0.0,0,0,0,0.0,0,0.0,0.0,0.0,0.0,-0.30000000000000004,0.0,0,0,0.0,0.0,0.0,0.0,0.0,0,0,0,00-0026197,89
7,00-0026300,Josh Johnson,QB,2022,2,3.0,0,0.0,0,0,0,0.0,0,0.0,0.0,0.0,0.0,0.7000000000000001,0.0,0,0,0.0,0.0,0.0,0.0,10.0,0,0,0,00-0026300,260
8,00-0026498,Matthew Stafford,QB,18198,13,9.0,1,3.0,0,0,0,0.0,0,0.0,0.0,0.0,0.0,108.38000000000001,8.0,4,3,1.0,0.0,0.0,0.0,2087.0,10,0,0,00-0026498,421
9,00-0026544,Chase Daniel,QB,2022,0,0.0,0,0.0,0,0,0,0.0,0,0.0,0.0,0.0,0.0,0.0,0.0,0,0,0.0,0.0,0.0,0.0,0.0,0,0,0,00-0026544,490
10,00-0026625,Brian Hoyer,QB,2022,0,0.0,0,0.0,0,0,0,0.0,0,0.0,0.0,0.0,0.0,1.48,0.0,0,0,0.0,0.0,0.0,0.0,37.0,0,0,0,00-0026625,345
11,00-0027688,Colt McCoy,QB,6066,12,34.0,0,4.0,0,0,0,0.0,0,0.0,0.0,0.0,0.0,31.48,2.0,0,0,2.0,0.0,0.0,0.0,702.0,1,0,0,00-0027688,533
12,00-0027942,A.J. Green,WR,20220,0,0.0,0,0.0,0,19,38,128.0,1,406.0,14.0,9.0,-14.389967969800097,39.8,0.0,0,0,0.0,0.0,0.0,0.0,0.0,0,0,1,00-0027942,830
13,00-0027944,Julio Jones,WR,16176,4,32.0,0,3.0,0,22,39,284.0,2,555.0,114.0,13.0,10.149346138649642,65.6,0.0,0,0,0.0,0.0,0.0,0.0,0.0,0,0,0,00-0027944,947
14,00-0027966,Mark Ingram,RB,20220,62,233.0,1,12.0,1,16,18,68.0,0,-17.0,78.0,2.0,-8.766475274111144,50.1,0.0,0,0,1.0,1.0,1.0,1.0,0.0,0,0,0,00-0027966,956
15,00-0027973,Andy Dalton,QB,20220,24,54.0,0,4.0,0,0,0,0.0,0,0.0,0.0,0.0,0.0,141.48,7.0,2,1,1.0,0.0,0.0,0.0,2252.0,15,1,0,00-0027973,829
16,00-0027981,Kyle Rudolph,TE,8088,0,0.0,0,0.0,0,2,4,20.0,0,30.0,3.0,1.0,-0.0705906986258924,4.0,0.0,0,0,0.0,0.0,0.0,0.0,0.0,0,0,0,00-0027981,943
17,00-0028002,Randall Cobb,WR,18198,0,0.0,0,0.0,0,26,40,349.0,1,422.0,160.0,16.0,17.044027047070657,66.9,0.0,0,0,0.0,0.0,1.0,0.0,0.0,0,0,0,00-0028002,928
18,00-0028118,Tyrod Taylor,QB,4044,5,70.0,0,5.0,0,0,0,0.0,0,0.0,0.0,0.0,0.0,11.319999999999999,1.0,1,1,1.0,0.0,0.0,0.0,58.0,1,1,0,00-0028118,827
19,00-0028986,Case Keenum,QB,4044,5,0.0,0,0.0,0,0,0,0.0,0,0.0,0.0,0.0,0.0,0.32,0.0,0,0,0.0,0.0,0.0,0.0,8.0,0,0,0,00-0028986,1737
20,00-0029000,Cole Beasley,WR,4044,0,0.0,0,0.0,0,4,5,17.0,0,12.0,10.0,1.0,-0.5589322131127119,5.7,0.0,0,0,0.0,0.0,0.0,0.0,0.0,0,0,0,00-0029000,
21,00-0029239,Brandon Bolden,RB,12132,8,34.0,0,1.0,0,9,9,57.0,1,30.0,27.0,2.0,1.0231501434346804,24.1,0.0,0,0,0.0,0.0,0.0,0.0,0.0,0,0,0,00-0029239,1034
22,00-0029263,Russell Wilson,QB,24264,41,215.0,1,14.0,0,1,1,1.0,0,-1.0,2.0,0.0,-0.38463787781074643,170.8,6.0,3,1,2.0,0.0,0.0,0.0,2805.0,11,0,0,00-0029263,1234
23,00-0029293,Marvin Jones,WR,24264,0,0.0,0,0.0,0,33,58,407.0,2,798.0,73.0,22.0,11.343349724266632,85.7,0.0,0,0,0.0,0.0,0.0,0.0,0.0,0,0,0,00-0029293,1067
24,00-0029604,Kirk Cousins,QB,26286,25,58.0,2,8.0,0,0,0,0.0,0,0.0,0.0,0.0,0.0,214.12,9.0,4,2,1.0,0.0,0.0,0.0,3358.0,20,2,0,00-0029604,1166
25,00-0029664,Josh Gordon,WR,2022,0,0.0,0,0.0,0,0,1,0.0,0,12.0,0.0,0.0,-0.4884473676793277,0.0,0.0,0,0,0.0,0.0,0.0,0.0,0.0,0,0,0,00-0029664,1244
26,00-0029701,Ryan Tannehill,QB,22242,31,97.0,1,11.0,0,0,0,0.0,0,0.0,0.0,0.0,0.0,154.54,5.0,2,1,1.0,1.0,0.0,0.0,2371.0,14,1,0,00-0029701,1049
27,00-0029892,Kyle Juszczyk,FB,22242,5,14.0,1,3.0,0,18,22,174.0,1,58.0,128.0,8.0,5.224599620385561,48.800000000000004,0.0,0,0,0.0,0.0,0.0,0.0,0.0,0,0,0,00-0029892,1379
28,00-0030035,Adam Thielen,WR,26286,0,0.0,0,0.0,0,63,91,645.0,4,885.0,143.0,40.0,15.602098473186725,153.5,0.0,0,0,0.0,0.0,0.0,0.0,0.0,0,0,1,00-0030035,1689
29,00-0030061,Zach Ertz,TE,20220,0,0.0,0,0.0,0,47,69,406.0,4,548.0,130.0,24.0,6.274928354410032,115.60000000000001,0.0,0,0,0.0,0.0,0.0,0.0,0.0,0,0,2,00-0030061,1339
30,00-0030068,Marquise Goodwin,WR,20220,2,5.0,0,0.0,0,25,33,377.0,4,368.0,114.0,17.0,29.66557125432648,87.2,0.0,0,0,0.0,0.0,0.0,0.0,0.0,0,0,0,00-0030068,1346
31,00-0030074,David Bakhtiari,T,2022,0,0.0,0,0.0,0,0,1,0.0,0,1.0,0.0,0.0,-5.991489895153791,0.0,0.0,0,0,0.0,0.0,0.0,0.0,0.0,0,0,0,00-0030074,
32,00-0030108,Ryan Griffin,TE,10110,0,0.0,0,0.0,0,3,6,24.0,0,47.0,9.0,1.0,-1.3435558804194443,5.4,0.0,0,0,0.0,0.0,0.0,0.0,0.0,0,0,0,00-0030108,1425
33,00-0030279,Keenan Allen,WR,12132,0,0.0,0,0.0,0,34,49,400.0,2,439.0,139.0,20.0,10.125788642972045,84.0,0.0,0,0,0.0,0.0,1.0,1.0,0.0,0,0,0,00-0030279,1479
34,00-0030288,Rex Burkhead,RB,22242,26,80.0,0,4.0,0,29,38,169.0,1,54.0,164.0,7.0,-10.041489188360245,59.9,0.0,0,0,0.0,0.0,0.0,0.0,0.0,0,0,0,00-0030288,1387
35,00-0030431,Robert Woods,WR,26286,0,0.0,0,0.0,0,38,68,406.0,1,562.0,121.0,24.0,5.266871088932032,84.6,0.0,0,0,0.0,0.0,0.0,0.0,0.0,0,0,0,00-0030431,1352
36,00-0030506,Travis Kelce,TE,26286,2,5.0,0,1.0,0,81,117,1039.0,12,854.0,514.0,61.0,53.751497011218675,257.40000000000003,0.0,0,0,0.0,0.0,1.0,1.0,0.0,0,0,1,00-0030506,1466
37,00-0030513,Latavius Murray,RB,18198,112,437.0,4,23.0,0,20,24,83.0,0,-43.0,127.0,2.0,-5.73243951274641,96.0,0.0,0,0,0.0,0.0,0.0,0.0,0.0,0,0,0,00-0030513,1476
38,00-0030564,DeAndre Hopkins,WR,14154,0,0.0,0,0.0,0,56,75,653.0,3,762.0,153.0,31.0,15.36702391229197,137.3,0.0,0,0,0.0,0.0,2.0,1.0,0.0,0,0,0,00-0030564,1426
39,00-0030565,Geno Smith,QB,26286,55,263.0,1,17.0,0,0,0,0.0,0,0.0,0.0,0.0,0.0,245.62,8.0,3,2,3.0,2.0,0.0,0.0,3433.0,25,0,0,00-0030565,1373
40,00-0030578,Cordarrelle Patterson,RB,18198,108,566.0,5,32.0,0,11,16,65.0,0,33.0,48.0,3.0,-13.318284067056288,108.10000000000001,0.0,0,0,1.0,1.0,0.0,0.0,0.0,0,0,0,00-0030578,1535
41,00-0030874,Damien Williams,RB,2022,2,2.0,0,0.0,0,0,0,0.0,0,0.0,0.0,0.0,0.0,0.2,0.0,0,0,0.0,0.0,0.0,0.0,0.0,0,0,0,00-0030874,1833
42,00-0030968,Keith Smith,FB,4044,1,2.0,0,1.0,0,1,2,8.0,0,2.0,8.0,0.0,-1.6073799715081623,2.0,0.0,0,0,0.0,0.0,0.0,0.0,0.0,0,0,0,00-0030968,2073
43,00-0031051,John Brown,WR,2022,0,0.0,0,0.0,0,0,1,0.0,0,44.0,0.0,0.0,-0.5037721649277955,0.0,0.0,0,0,0.0,0.0,0.0,0.0,0.0,0,0,0,00-0031051,
44,00-0031236,Brandin Cooks,WR,20220,2,7.0,0,0.0,0,44,71,520.0,1,668.0,168.0,21.0,-2.651726278075845,102.7,0.0,0,0,0.0,0.0,0.0,0.0,0.0,0,0,0,00-0031236,2197
45,00-0031237,Teddy Bridgewater,QB,8088,2,21.0,0,2.0,0,0,0,0.0,0,0.0,0.0,0.0,0.0,28.979999999999997,3.0,0,0,0.0,0.0,0.0,0.0,522.0,3,0,0,00-0031237,2152
46,00-0031260,Logan Thomas,TE,18198,0,0.0,0,0.0,0,24,40,210.0,1,301.0,79.0,10.0,-9.460489425122704,51.0,0.0,0,0,0.0,0.0,0.0,0.0,0.0,0,0,0,00-0031260,2251
47,00-0031273,Cameron Brate,TE,16176,0,0.0,0,0.0,0,18,33,149.0,0,212.0,52.0,7.0,-3.743311504600352,32.9,0.0,0,0,0.0,0.0,0.0,0.0,0.0,0,0,0,00-0031273,2214
48,00-0031280,Derek Carr,QB,26286,21,88.0,0,9.0,0,0,0,0.0,0,0.0,0.0,0.0,0.0,193.48,10.0,2,0,1.0,0.0,0.0,0.0,3117.0,20,0,0,00-0031280,2028
49,00-0031325,Sammy Watkins,WR,14154,0,0.0,0,0.0,0,13,22,206.0,0,264.0,64.0,9.0,6.508779262485716,33.6,0.0,0,0,0.0,0.0,0.0,0.0,0.0,0,0,0,00-0031325,1817
50,00-0031345,Jimmy Garoppolo,QB,22242,23,33.0,2,11.0,0,0,0,0.0,0,0.0,0.0,0.0,0.0,164.78,4.0,1,1,1.0,1.0,0.0,0.0,2437.0,16,0,0,00-0031345,1837
51,00-0031376,Jerick McKinnon,RB,26286,53,222.0,0,9.0,0,38,51,359.0,4,30.0,402.0,17.0,9.328205092615505,118.1,0.0,0,0,0.0,0.0,1.0,1.0,0.0,0,0,0,00-0031376,2161
52,00-0031381,Davante Adams,WR,26286,3,-1.0,0,0.0,0,82,142,1247.0,12,1658.0,409.0,54.0,49.659898611430314,278.6,0.0,0,0,0.0,0.0,1.0,0.0,0.0,0,0,0,00-0031381,2133
53,00-0031382,Jarvis Landry,WR,16176,0,0.0,0,0.0,0,25,38,272.0,1,366.0,61.0,12.0,-7.051182409529741,60.2,0.0,0,0,0.0,0.0,0.0,0.0,0.0,0,0,1,00-0031382,1825
54,00-0031384,Richard Rodgers,TE,6066,0,0.0,0,0.0,0,1,4,4.0,0,-4.0,3.0,0.0,-2.8901569989684504,1.4,0.0,0,0,0.0,0.0,0.0,0.0,0.0,0,0,0,00-0031384,2146
55,00-0031408,Mike Evans,WR,24264,0,0.0,0,0.0,0,59,98,805.0,3,1257.0,142.0,40.0,15.880289906315738,157.5,0.0,0,0,0.0,0.0,0.0,0.0,0.0,0,0,0,00-0031408,2216
56,00-0031428,Allen Robinson,WR,20220,0,0.0,0,0.0,0,33,52,339.0,3,502.0,71.0,23.0,9.003204972820457,84.9,0.0,0,0,0.0,0.0,0.0,0.0,0.0,0,0,0,00-0031428,1992
57,00-0031484,Chris Manhertz,TE,12132,0,0.0,0,0.0,0,6,8,42.0,0,21.0,35.0,2.0,-0.6929761746432632,10.2,0.0,0,0,0.0,0.0,0.0,0.0,0.0,0,0,0,00-0031484,3048
58,00-0031503,Jameis Winston,QB,6066,5,16.0,0,0.0,0,0,0,0.0,0,0.0,0.0,0.0,0.0,43.92,5.0,1,0,2.0,0.0,0.0,0.0,858.0,4,1,0,00-0031503,2306
59,00-0031544,Amari Cooper,WR,26286,0,0.0,0,0.0,0,63,109,874.0,7,1301.0,214.0,48.0,28.830838986302318,190.4,1.0,0,0,0.0,0.0,0.0,0.0,0.0,0,0,0,00-0031544,2309
60,00-0031545,Kevin White,WR,8088,0,0.0,0,0.0,0,2,5,74.0,0,91.0,68.0,2.0,2.513822603505105,9.4,0.0,0,0,0.0,0.0,0.0,0.0,0.0,0,0,0,00-0031545,
61,00-0031547,DeVante Parker,WR,22242,0,0.0,0,0.0,0,25,40,460.0,1,625.0,96.0,20.0,9.354850843715365,77.0,0.0,0,0,0.0,0.0,0.0,0.0,0.0,0,0,0,00-0031547,2319
62,00-0031549,Nelson Agholor,WR,22242,0,0.0,0,0.0,0,30,45,359.0,2,501.0,142.0,12.0,-2.325888293561458,73.9,0.0,0,0,0.0,0.0,2.0,2.0,0.0,0,0,0,00-0031549,2325
63,00-0031558,Maxx Williams,TE,2022,0,0.0,0,0.0,0,1,1,7.0,0,3.0,4.0,0.0,0.37591450987383723,1.7000000000000002,0.0,0,0,0.0,0.0,0.0,0.0,0.0,0,0,0,00-0031558,2360
64,00-0031585,MyCole Pruitt,TE,12132,0,0.0,0,0.0,0,7,8,47.0,3,28.0,29.0,5.0,5.023908845556434,29.7,0.0,0,0,0.0,0.0,0.0,0.0,0.0,0,0,0,00-0031585,2446
65,00-0031588,Stefon Diggs,WR,26286,0,0.0,0,0.0,0,94,133,1239.0,10,1443.0,400.0,62.0,63.41903439569783,277.90000000000003,0.0,0,0,0.0,0.0,1.0,0.0,0.0,0,0,0,00-0031588,2449
66,00-0031595,Michael Burton,FB,12132,5,7.0,0,2.0,0,2,3,11.0,0,-2.0,8.0,0.0,-0.25816596730146557,3.8,0.0,0,0,0.0,0.0,0.0,0.0,0.0,0,0,0,00-0031595,2471
67,00-0031610,Darren Waller,TE,8088,0,0.0,0,0.0,0,16,24,175.0,1,273.0,47.0,9.0,-4.478944428666313,39.5,0.0,0,0,0.0,0.0,0.0,0.0,0.0,0,0,0,00-0031610,2505
68,00-0031687,Raheem Mostert,RB,24264,136,610.0,3,32.0,0,18,27,126.0,1,50.0,96.0,5.0,1.150530957276531,115.60000000000001,0.0,0,0,0.0,0.0,0.0,0.0,0.0,0,0,0,00-0031687,2749
69,00-0031690,Eric Tomlinson,TE,12132,0,0.0,0,0.0,0,5,9,48.0,0,48.0,24.0,2.0,1.4154152766568586,9.799999999999999,0.0,0,0,0.0,0.0,0.0,0.0,0.0,0,0,0,00-0031690,2755
70,00-0031763,DeAndre Carter,WR,26286,1,-5.0,0,0.0,0,40,55,466.0,3,495.0,158.0,26.0,18.113223063569567,104.10000000000001,0.0,0,0,0.0,0.0,0.0,0.0,0.0,0,0,0,00-0031763,2750
71,00-0031787,Jake Kumerow,WR,8088,0,0.0,0,0.0,0,4,7,64.0,0,90.0,17.0,4.0,2.8402738700388,10.4,0.0,0,0,0.0,0.0,0.0,0.0,0.0,0,0,0,00-0031787,2821
72,00-0031800,Taylor Heinicke,QB,14154,23,67.0,1,4.0,0,0,0,0.0,0,0.0,0.0,0.0,0.0,92.46000000000001,5.0,3,2,1.0,0.0,0.0,0.0,1444.0,9,0,0,00-0031800,2711
73,00-0031806,Malcolm Brown,RB,8088,15,39.0,0,0.0,0,4,4,35.0,0,-1.0,36.0,2.0,2.7977382728713565,11.4,0.0,0,0,0.0,0.0,0.0,0.0,0.0,0,0,0,00-0031806,2588
74,00-0031868,Damiere Byrd,WR,16176,0,0.0,0,0.0,0,10,17,241.0,2,369.0,99.0,8.0,9.979302038613241,46.1,0.0,0,0,0.0,0.0,0.0,0.0,0.0,0,0,0,00-0031868,2673
75,00-0031941,Jamison Crowder,WR,8088,0,0.0,0,0.0,0,6,13,60.0,0,121.0,30.0,4.0,-1.0964831524179317,12.0,0.0,0,0,0.0,0.0,0.0,0.0,0.0,0,0,0,00-0031941,2410
76,00-0032054,Breshad Perriman,WR,14154,2,-7.0,0,0.0,0,8,17,101.0,1,229.0,45.0,4.0,-3.007061932014599,21.400000000000002,0.0,0,0,1.0,0.0,1.0,1.0,0.0,0,0,0,00-0032054,2331
77,00-0032058,Tevin Coleman,RB,4044,12,26.0,1,2.0,0,3,3,44.0,1,24.0,20.0,2.0,5.230903412215412,22.0,0.0,0,0,0.0,0.0,0.0,0.0,0.0,0,0,0,00-0032058,
78,00-0032063,Mike Davis,RB,10110,8,18.0,0,1.0,0,2,2,4.0,0,-7.0,11.0,0.0,-1.0404177822638303,4.2,0.0,0,0,1.0,0.0,0.0,0.0,0.0,0,0,0,00-0032063,2431
79,00-0032104,Ameer Abdullah,RB,20220,4,20.0,0,2.0,0,20,26,160.0,1,82.0,155.0,6.0,-3.5926347682442157,44.0,0.0,0,0,0.0,0.0,0.0,0.0,0.0,0,0,0,00-0032104,2359
80,00-0032128,Chris Conley,WR,6066,0,0.0,0,0.0,0,1,4,27.0,0,71.0,0.0,1.0,-1.3379384810104966,3.7,0.0,0,0,0.0,0.0,0.0,0.0,0.0,0,0,0,00-0032128,
81,00-0032134,C.J. Uzomah,TE,18198,0,0.0,0,0.0,0,15,17,137.0,0,75.0,85.0,5.0,5.284679051837884,28.7,0.0,0,0,0.0,0.0,0.0,0.0,0.0,0,0,0,00-0032134,2460
82,00-0032141,Geoff Swaim,TE,16176,0,0.0,0,0.0,0,9,13,50.0,1,32.0,37.0,3.0,-0.9914664673560765,20.0,0.0,0,0,0.0,0.0,0.0,0.0,0.0,0,0,0,00-0032141,2545
83,00-0032144,Melvin Gordon,RB,20220,90,318.0,2,15.0,0,25,32,223.0,0,23.0,206.0,11.0,1.0003796159971676,87.1,0.0,0,0,4.0,2.0,1.0,0.0,0.0,0,0,0,00-0032144,2320
84,00-0032156,Trevor Siemian,QB,4044,4,8.0,0,1.0,0,0,0,0.0,0,0.0,0.0,0.0,0.0,10.16,1.0,0,0,0.0,0.0,0.0,0.0,184.0,1,0,0,00-0032156,2549
85,00-0032187,David Johnson,RB,2022,1,-4.0,0,0.0,0,1,1,11.0,0,-1.0,12.0,1.0,0.6182224771473557,1.7000000000000002,0.0,0,0,0.0,0.0,0.0,0.0,0.0,0,0,0,00-0032187,2391
86,00-0032200,Ty Montgomery,WR,2022,2,-2.0,0,0.0,0,3,4,15.0,1,13.0,7.0,1.0,2.1808464441564865,10.3,0.0,0,0,0.0,0.0,0.0,0.0,0.0,0,0,0,00-0032200,2399
87,00-0032208,Phillip Dorsett,WR,22242,0,0.0,0,0.0,0,14,30,198.0,1,358.0,45.0,8.0,-1.4510032593781133,39.8,0.0,0,0,0.0,0.0,0.0,0.0,0.0,0,0,0,00-0032208,2334
88,00-0032211,Tyler Lockett,WR,26286,0,0.0,0,0.0,0,71,99,896.0,8,1069.0,236.0,44.0,32.45159324703886,206.6,0.0,0,0,0.0,0.0,1.0,1.0,0.0,0,0,0,00-0032211,2374
89,00-0032214,Tyler Kroft,TE,6066,0,0.0,0,0.0,0,3,4,29.0,0,53.0,3.0,1.0,0.8700378307839856,5.9,0.0,0,0,0.0,0.0,0.0,0.0,0.0,0,0,0,00-0032214,2390
90,00-0032257,Duke Johnson,RB,2022,2,4.0,0,1.0,0,0,0,0.0,0,0.0,0.0,0.0,0.0,0.4,0.0,0,0,0.0,0.0,0.0,0.0,0.0,0,0,0,00-0032257,2382
91,00-0032268,Marcus Mariota,QB,26286,85,438.0,4,30.0,0,0,0,0.0,0,0.0,0.0,0.0,0.0,196.56,9.0,4,1,4.0,2.0,0.0,0.0,2219.0,15,2,0,00-0032268,2307
92,00-0032385,Sterling Shepard,WR,6066,0,0.0,0,0.0,0,13,24,154.0,1,225.0,55.0,4.0,-3.1267536524625896,34.400000000000006,0.0,0,0,0.0,0.0,0.0,0.0,0.0,0,0,0,00-0032385,3200
93,00-0032392,Austin Hooper,TE,26286,0,0.0,0,0.0,0,32,43,347.0,2,347.0,112.0,21.0,24.252535218198318,78.7,0.0,0,0,0.0,0.0,0.0,0.0,0.0,0,0,0,00-0032392,3202
94,00-0032394,Nick Vannett,TE,6066,0,0.0,0,0.0,0,3,4,22.0,0,14.0,12.0,0.0,-0.11544366867747158,5.2,0.0,0,0,0.0,0.0,0.0,0.0,0.0,0,0,0,00-0032394,3258
95,00-0032398,Chris Moore,WR,22242,2,5.0,0,0.0,0,37,51,438.0,2,374.0,236.0,17.0,10.206826374979029,93.3,0.0,0,0,0.0,0.0,0.0,0.0,0.0,0,0,0,00-0032398,3269
96,00-0032434,Brandon Allen,QB,2022,3,-1.0,0,1.0,0,0,0,0.0,0,0.0,0.0,0.0,0.0,0.78,0.0,0,0,0.0,0.0,0.0,0.0,22.0,0,0,0,00-0032434,3357
97,00-0032436,Jeff Driskel,QB,6066,9,51.0,0,4.0,0,0,0,0.0,0,0.0,0.0,0.0,0.0,10.62,0.0,0,0,0.0,0.0,0.0,0.0,38.0,1,0,0,00-0032436,3362
98,00-0032450,Dwayne Washington,RB,6066,11,38.0,0,2.0,0,1,1,7.0,0,1.0,6.0,0.0,0.5391689892858267,5.5,0.0,0,0,0.0,0.0,0.0,0.0,0.0,0,0,0,00-0032450,3391
99,00-0032464,Kalif Raymond,WR,24264,5,24.0,0,2.0,0,34,48,401.0,0,459.0,166.0,16.0,8.147446594020256,74.5,0.0,0,0,0.0,0.0,1.0,1.0,0.0,0,0,0,00-0032464,3634
100,00-0032496,Matthias Farley,FS,2022,1,-3.0,0,0.0,0,0,0,0.0,0,0.0,0.0,0.0,0.0,-0.30000000000000004,0.0,0,0,0.0,0.0,0.0,0.0,0.0,0,0,0,00-0032496,
101,00-0032602,J.D. McKissic,RB,16176,22,95.0,0,5.0,0,27,40,173.0,0,50.0,152.0,7.0,-17.90223909171135,55.800000000000004,0.0,0,0,0.0,0.0,0.0,0.0,0.0,0,0,1,00-0032602,3664
102,00-0032688,Robbie Anderson,WR,20220,0,0.0,0,0.0,0,19,41,269.0,1,537.0,95.0,9.0,-6.202184251160361,49.900000000000006,0.0,0,0,0.0,0.0,1.0,1.0,0.0,0,0,0,00-0032688,3423
103,00-0032725,Stephen Anderson,TE,8088,0,0.0,0,0.0,0,3,5,9.0,0,25.0,6.0,0.0,-1.9486487761023454,3.9000000000000004,0.0,0,0,0.0,0.0,0.0,0.0,0.0,0,0,0,00-0032725,3496
104,00-0032764,Derrick Henry,RB,26286,275,1199.0,11,52.0,0,26,34,320.0,0,4.0,308.0,8.0,12.005029293483,244.06,0.0,0,0,2.0,1.0,2.0,1.0,4.0,1,0,0,00-0032764,3198
105,00-0032765,Michael Thomas,WR,6066,0,0.0,0,0.0,0,16,22,171.0,3,237.0,21.0,13.0,16.696307317644823,51.1,0.0,0,0,0.0,0.0,0.0,0.0,0.0,0,0,0,00-0032765,3199
106,00-0032775,Demarcus Robinson,WR,24264,0,0.0,0,0.0,0,38,56,390.0,1,538.0,136.0,18.0,10.574682910072962,83.0,0.0,0,0,0.0,0.0,0.0,0.0,0.0,0,0,0,00-0032775,3286
107,00-0032780,Jordan Howard,RB,2022,1,1.0,0,0.0,0,0,0,0.0,0,0.0,0.0,0.0,0.0,0.1,0.0,0,0,0.0,0.0,0.0,0.0,0.0,0,0,0,00-0032780,3306
108,00-0032792,Nate Sudfeld,QB,2022,2,-1.0,0,0.0,0,0,0,0.0,0,0.0,0.0,0.0,0.0,-0.1,0.0,0,0,0.0,0.0,0.0,0.0,0.0,0,0,0,00-0032792,3343
109,00-0032807,Clayton Fejedelem,SS,2022,1,0.0,0,0.0,0,0,0,0.0,0,0.0,0.0,0.0,0.0,0.0,0.0,0,0,0.0,0.0,0.0,0.0,0.0,0,0,0,00-0032807,
110,00-0032897,Derek Watt,FB,12132,5,15.0,0,5.0,0,5,5,11.0,1,7.0,4.0,1.0,1.588965836854186,13.600000000000001,0.0,0,0,0.0,0.0,0.0,0.0,0.0,0,0,0,00-0032897,3354
111,00-0032918,C.J. Ham,FB,12132,2,6.0,1,2.0,0,4,6,30.0,0,37.0,26.0,2.0,0.6297805167268962,13.6,0.0,0,0,0.0,0.0,0.0,0.0,0.0,0,0,0,00-0032918,3832
112,00-0032943,Riley Dixon,P,4044,0,0.0,0,0.0,0,0,0,0.0,0,0.0,0.0,0.0,0.0,0.72,0.0,0,0,0.0,0.0,0.0,0.0,18.0,0,0,0,00-0032943,
113,00-0032950,Carson Wentz,QB,12132,19,79.0,0,3.0,0,0,0,0.0,0,0.0,0.0,0.0,0.0,97.46000000000001,6.0,4,1,2.0,0.0,0.0,0.0,1489.0,10,2,0,00-0032950,3161
114,00-0032951,Laquon Treadwell,WR,2022,0,0.0,0,0.0,0,1,1,1.0,0,-2.0,3.0,0.0,-0.46519945200998336,1.1,0.0,0,0,0.0,0.0,0.0,0.0,0.0,0,0,0,00-0032951,3155
115,00-0032958,Will Parks,FS,2022,0,0.0,0,0.0,0,0,0,0.0,0,0.0,0.0,0.0,0.0,6.0,0.0,0,0,0.0,0.0,0.0,0.0,0.0,0,0,0,00-0032958,
116,00-0032975,Jonathan Williams,RB,8088,11,77.0,0,5.0,0,0,0,0.0,0,0.0,0.0,0.0,0.0,7.7,0.0,0,0,0.0,0.0,0.0,0.0,0.0,0,0,0,00-0032975,3312
117,00-0032980,Marcus Johnson,WR,8088,0,0.0,0,0.0,0,6,16,63.0,0,137.0,26.0,3.0,-6.908870569663122,12.3,0.0,0,0,0.0,0.0,0.0,0.0,0.0,0,0,0,00-0032980,3445
118,00-0033009,Tyler Boyd,WR,26286,0,0.0,0,0.0,0,45,66,655.0,4,641.0,212.0,32.0,24.32448294345096,137.42000000000002,0.0,0,0,0.0,0.0,0.0,0.0,23.0,0,0,1,00-0033009,3225
119,00-0033040,Tyreek Hill,WR,26286,6,30.0,0,2.0,0,100,139,1460.0,6,1676.0,458.0,64.0,63.08025416160151,285.0,0.0,0,0,0.0,0.0,1.0,0.0,0.0,0,0,0,00-0033040,3321
120,00-0033045,Ezekiel Elliott,RB,22242,172,716.0,9,43.0,0,14,18,73.0,0,-7.0,72.0,2.0,-4.446498528472148,146.9,0.0,0,0,0.0,0.0,0.0,0.0,0.0,0,0,0,00-0033045,3164
121,00-0033077,Dak Prescott,QB,16176,25,94.0,1,10.0,0,0,0,0.0,0,0.0,0.0,0.0,0.0,127.28,9.0,2,0,0.0,0.0,0.0,0.0,1847.0,14,0,0,00-0033077,3294
122,00-0033090,Hunter Henry,TE,26286,0,0.0,0,0.0,0,28,42,406.0,2,353.0,163.0,19.0,13.894166635025329,80.6,0.0,0,0,0.0,0.0,0.0,0.0,0.0,0,0,0,00-0033090,3214
123,00-0033106,Jared Goff,QB,26286,23,51.0,0,3.0,1,1,1,5.0,0,0.0,5.0,0.0,-0.10016044188523665,212.68,7.0,4,3,1.0,0.0,0.0,0.0,3352.0,22,1,0,00-0033106,3163
124,00-0033110,Tyler Higbee,TE,24264,0,0.0,0,0.0,0,52,81,455.0,0,278.0,284.0,22.0,-4.3739631716429646,97.50000000000001,0.0,0,0,0.0,0.0,0.0,0.0,0.0,0,0,0,00-0033110,3271
125,00-0033114,Mike Thomas,WR,8088,0,0.0,0,0.0,0,2,10,38.0,0,122.0,24.0,1.0,-4.935994758387096,7.800000000000001,0.0,0,0,0.0,0.0,0.0,0.0,0.0,0,0,1,00-0033114,
126,00-0033118,Kenyan Drake,RB,22242,93,422.0,3,19.0,0,15,21,70.0,1,-14.0,105.0,6.0,-5.420548822136419,88.2,0.0,0,0,1.0,0.0,0.0,0.0,0.0,0,0,0,00-0033118,3242
127,00-0033119,Jacoby Brissett,QB,24264,47,238.0,2,26.0,0,0,0,0.0,0,0.0,0.0,0.0,0.0,168.12,6.0,5,3,1.0,1.0,0.0,0.0,2608.0,12,0,0,00-0033119,3257
128,00-0033217,Mo Alie-Cox,TE,20220,0,0.0,0,0.0,0,17,23,183.0,2,100.0,99.0,8.0,-0.5620735887966868,45.3,0.0,0,0,0.0,0.0,1.0,1.0,0.0,0,0,0,00-0033217,4054
129,00-0033246,Johnny Mundt,TE,22242,0,0.0,0,0.0,0,17,19,117.0,1,30.0,93.0,8.0,3.8616489682853317,34.7,0.0,0,0,0.0,0.0,0.0,0.0,0.0,0,0,0,00-0033246,4314
130,00-0033251,Zach Pascal,WR,20220,1,0.0,0,0.0,0,14,17,144.0,1,100.0,85.0,9.0,1.0465666975360364,34.4,0.0,0,0,0.0,0.0,0.0,0.0,0.0,0,0,0,00-0033251,4319
131,00-0033275,P.J. Walker,QB,12132,6,39.0,0,3.0,0,0,0,0.0,0,0.0,0.0,0.0,0.0,39.14,3.0,0,0,0.0,0.0,0.0,0.0,731.0,3,0,0,00-0033275,4335
132,00-0033280,Christian McCaffrey,RB,26286,174,819.0,5,41.0,0,68,86,593.0,4,113.0,545.0,30.0,16.396313793479685,268.56,0.0,0,0,1.0,0.0,0.0,0.0,34.0,1,0,0,00-0033280,4034
133,00-0033282,Curtis Samuel,WR,26286,31,188.0,1,11.0,0,54,79,556.0,3,485.0,249.0,30.0,24.84816067687543,150.4,0.0,0,0,1.0,1.0,0.0,0.0,0.0,0,0,0,00-0033282,4082
134,00-0033288,George Kittle,TE,22242,0,0.0,0,0.0,0,42,59,500.0,4,340.0,251.0,24.0,18.490775177601247,114.0,0.0,0,0,0.0,0.0,1.0,1.0,0.0,0,0,0,00-0033288,4217
135,00-0033292,Trent Taylor,WR,12132,4,15.0,0,0.0,0,6,10,62.0,0,45.0,43.0,1.0,-0.3390488504928677,13.700000000000001,0.0,0,0,0.0,0.0,0.0,0.0,0.0,0,0,0,00-0033292,4218
136,00-0033293,Aaron Jones,RB,26286,164,847.0,2,43.0,0,48,58,328.0,4,-11.0,353.0,16.0,3.3886344944078752,201.5,0.0,0,0,2.0,0.0,1.0,1.0,0.0,0,0,1,00-0033293,4199
137,00-0033307,Kendrick Bourne,WR,24264,4,8.0,0,1.0,0,24,31,273.0,0,263.0,102.0,13.0,3.2777609765868867,52.1,0.0,0,0,0.0,0.0,2.0,0.0,0.0,0,0,0,00-0033307,4454
138,00-0033308,Matt Breida,RB,26286,37,118.0,1,9.0,0,11,15,92.0,0,46.0,71.0,4.0,2.6587877178175265,38.0,0.0,0,0,0.0,0.0,0.0,0.0,0.0,0,0,0,00-0033308,4455
139,00-0033319,Nick Mullens,QB,4044,0,0.0,0,0.0,0,0,0,0.0,0,0.0,0.0,0.0,0.0,2.04,0.0,0,0,0.0,0.0,0.0,0.0,51.0,0,0,0,00-0033319,4464
140,00-0033357,Taysom Hill,TE,24264,61,419.0,5,23.0,0,7,11,66.0,2,78.0,23.0,4.0,2.8404014604419396,106.94,0.0,0,0,0.0,0.0,0.0,0.0,136.0,1,0,0,00-0033357,4381
141,00-0033367,C.J. Board,WR,2022,0,0.0,0,0.0,0,1,1,6.0,0,6.0,0.0,0.0,0.20860908593749627,1.6,0.0,0,0,0.0,0.0,0.0,0.0,0.0,0,0,0,00-0033367,4344
142,00-0033376,Patrick Ricard,FB,22242,6,16.0,0,5.0,0,11,13,74.0,0,2.0,72.0,1.0,-4.760953707753415,20.0,0.0,0,0,0.0,0.0,0.0,0.0,0.0,0,0,0,00-0033376,4353
143,00-0033386,Cody Hollister,WR,8088,0,0.0,0,0.0,0,3,5,54.0,0,78.0,8.0,2.0,-4.383588089811383,8.4,0.0,0,0,0.0,0.0,0.0,0.0,0.0,0,0,0,00-0033386,4420
144,00-0033439,Pharaoh Brown,TE,14154,0,0.0,0,0.0,0,12,20,117.0,0,128.0,83.0,6.0,-2.4887456162299766,23.7,0.0,0,0,0.0,0.0,0.0,0.0,0.0,0,0,0,00-0033439,4443
145,00-0033455,Anthony Firkser,TE,10110,0,0.0,0,0.0,0,6,7,79.0,0,63.0,20.0,4.0,4.274590866925336,13.9,0.0,0,0,0.0,0.0,0.0,0.0,0.0,0,0,0,00-0033455,4435
146,00-0033466,Isaiah McKenzie,WR,24264,8,49.0,1,3.0,0,38,55,380.0,4,383.0,121.0,24.0,15.991128703202252,110.9,0.0,0,0,0.0,0.0,0.0,0.0,0.0,0,0,0,00-0033466,4197
147,00-0033526,Samaje Perine,RB,26286,78,349.0,2,18.0,0,33,45,264.0,4,5.0,297.0,11.0,7.623791106390064,130.3,0.0,0,0,0.0,0.0,0.0,0.0,0.0,0,0,0,00-0033526,4147
148,00-0033536,Mike Williams,WR,18198,0,0.0,0,0.0,0,44,66,626.0,4,793.0,221.0,26.0,24.98647177153682,130.6,0.0,0,0,0.0,0.0,0.0,0.0,0.0,0,0,0,00-0033536,4068
149,00-0033537,Deshaun Watson,QB,4044,13,54.0,0,4.0,0,0,0,0.0,0,0.0,0.0,0.0,0.0,21.68,2.0,0,0,0.0,0.0,0.0,0.0,407.0,1,0,0,00-0033537,4017
150,00-0033553,James Conner,RB,20220,136,561.0,5,36.0,0,33,42,200.0,1,-26.0,254.0,7.0,-5.085525572010884,143.1,0.0,0,0,3.0,1.0,0.0,0.0,0.0,0,0,0,00-0033553,4137
151,00-0033555,Mack Hollins,WR,26286,4,40.0,0,2.0,0,47,77,588.0,3,935.0,165.0,27.0,28.487129273095498,127.96000000000001,0.0,0,0,0.0,0.0,0.0,0.0,4.0,0,0,0,00-0033555,4177
152,00-0033572,Jamal Agnew,WR,20220,7,40.0,0,3.0,0,18,24,155.0,3,166.0,91.0,9.0,7.965692081586058,57.5,0.0,0,0,0.0,0.0,0.0,0.0,0.0,0,0,1,00-0033572,4198
153,00-0033576,Eric Saubert,TE,18198,0,0.0,0,0.0,0,11,19,113.0,1,162.0,56.0,4.0,-0.22457219306026555,28.3,0.0,0,0,0.0,0.0,0.0,0.0,0.0,0,0,0,00-0033576,4189
154,00-0033591,Noah Brown,WR,22242,0,0.0,0,0.0,0,34,53,484.0,1,588.0,104.0,20.0,11.626196695173203,86.4,0.0,0,0,0.0,0.0,1.0,1.0,0.0,0,0,0,00-0033591,4234
155,00-0033633,Tanner Gentry,WR,2022,0,0.0,0,0.0,0,0,1,0.0,0,7.0,0.0,0.0,-0.7896298202686012,0.0,0.0,0,0,0.0,0.0,0.0,0.0,0.0,0,0,0,00-0033633,4551
156,00-0033662,Cooper Rush,QB,14154,9,6.0,0,1.0,0,0,0,0.0,0,0.0,0.0,0.0,0.0,56.64,3.0,2,0,0.0,0.0,0.0,0.0,1051.0,5,0,0,00-0033662,4574
157,00-0033681,Keelan Cole,WR,12132,0,0.0,0,0.0,0,7,16,86.0,0,264.0,17.0,6.0,1.7386233683209866,15.600000000000001,0.0,0,0,0.0,0.0,0.0,0.0,0.0,0,0,0,00-0033681,4622
158,00-0033699,Austin Ekeler,RB,26286,153,634.0,8,29.0,0,93,112,623.0,5,-104.0,760.0,33.0,6.673318014712191,292.7,0.0,0,0,2.0,1.0,2.0,1.0,0.0,0,0,0,00-0033699,4663
159,00-0033725,Corey Clement,RB,4044,0,0.0,0,0.0,0,2,2,29.0,0,4.0,25.0,2.0,4.049936532159336,4.9,0.0,0,0,0.0,0.0,0.0,0.0,0.0,0,0,0,00-0033725,4651
160,00-0033757,Robert Tonyan,TE,26286,0,0.0,0,0.0,0,45,56,372.0,1,303.0,198.0,14.0,-3.6516059986779106,88.2,0.0,0,0,0.0,0.0,0.0,0.0,0.0,0,0,0,00-0033757,4602
161,00-0033798,Mason Schreck,TE,4044,0,0.0,0,0.0,0,2,2,6.0,0,6.0,0.0,0.0,-0.6555010332958773,2.6,0.0,0,0,0.0,0.0,0.0,0.0,0.0,0,0,0,00-0033798,4229
162,00-0033854,Dare Ogunbowale,RB,14154,8,27.0,1,3.0,0,13,17,95.0,0,1.0,98.0,4.0,-8.075973667320795,31.2,0.0,0,0,0.0,0.0,0.0,0.0,0.0,0,0,0,00-0033854,4718
163,00-0033856,Leonard Fournette,RB,24264,149,524.0,3,32.0,0,55,64,380.0,3,-48.0,420.0,20.0,8.560172033516778,179.4,1.0,0,0,0.0,0.0,0.0,0.0,0.0,0,0,0,00-0033856,3969
164,00-0033857,JuJu Smith-Schuster,WR,24264,0,0.0,0,0.0,0,61,82,762.0,3,637.0,391.0,39.0,44.70110042027677,153.2,0.0,0,0,0.0,0.0,2.0,1.0,0.0,0,0,0,00-0033857,4040
165,00-0033858,Jonnu Smith,TE,20220,1,5.0,0,1.0,0,22,31,200.0,0,83.0,182.0,7.0,-0.0760118393227458,42.5,0.0,0,0,1.0,0.0,0.0,0.0,0.0,0,0,0,00-0033858,4144
166,00-0033869,Mitchell Trubisky,QB,12132,13,29.0,1,3.0,0,0,0,0.0,0,0.0,0.0,0.0,0.0,59.82,5.0,0,0,0.0,0.0,0.0,0.0,1073.0,4,1,0,00-0033869,3976
167,00-0033871,Corey Davis,WR,20220,0,0.0,0,0.0,0,26,48,460.0,2,657.0,96.0,24.0,17.0147269773823,84.0,0.0,0,0,0.0,0.0,0.0,0.0,0.0,0,0,0,00-0033871,4036
168,00-0033873,Patrick Mahomes,QB,26286,47,280.0,2,19.0,1,0,0,0.0,0,0.0,0.0,0.0,0.0,320.4,11.0,1,0,3.0,0.0,0.0,0.0,4160.0,33,1,0,00-0033873,4046
169,00-0033879,O.J. Howard,TE,20220,0,0.0,0,0.0,0,9,21,119.0,2,246.0,37.0,5.0,-3.1867429490172627,32.9,0.0,0,0,0.0,0.0,0.0,0.0,0.0,0,0,0,00-0033879,4055
170,00-0033881,Evan Engram,TE,26286,1,0.0,0,0.0,0,53,74,548.0,4,510.0,292.0,25.0,22.28129586658074,133.8,0.0,0,0,0.0,0.0,0.0,0.0,0.0,0,0,1,00-0033881,4066
171,00-0033885,David Njoku,TE,20220,2,-8.0,0,0.0,0,48,61,523.0,3,384.0,290.0,29.0,22.85673491313355,115.5,0.0,0,0,0.0,0.0,1.0,1.0,0.0,0,0,0,00-0033885,4033
172,00-0033891,Zay Jones,WR,24264,3,21.0,0,1.0,0,68,98,655.0,2,799.0,208.0,37.0,37.514701354553935,149.6,0.0,0,0,0.0,0.0,0.0,0.0,0.0,0,0,1,00-0033891,4080
173,00-0033893,Dalvin Cook,RB,26286,213,950.0,8,42.0,0,29,44,170.0,1,-20.0,197.0,12.0,1.5288710728636943,191.0,0.0,1,1,1.0,1.0,0.0,0.0,0.0,0,0,0,00-0033893,4029
174,00-0033895,Gerald Everett,TE,24264,1,0.0,0,0.0,0,48,73,490.0,2,450.0,282.0,23.0,-1.108391481461219,111.0,0.0,0,0,0.0,0.0,0.0,0.0,0.0,0,0,1,00-0033895,4089
175,00-0033897,Joe Mixon,RB,22242,172,701.0,6,40.0,0,43,55,324.0,2,-15.0,343.0,12.0,10.857366234326037,193.5,0.0,0,0,0.0,0.0,0.0,0.0,0.0,0,0,0,00-0033897,4018
176,00-0033906,Alvin Kamara,RB,22242,143,550.0,1,26.0,0,51,68,433.0,2,75.0,405.0,15.0,-3.0506026168666067,159.3,0.0,0,0,2.0,2.0,2.0,2.0,0.0,0,0,0,00-0033906,4035
177,00-0033908,Cooper Kupp,WR,18198,9,52.0,1,4.0,0,75,98,812.0,6,704.0,422.0,42.0,16.342067479237862,201.4,0.0,0,0,0.0,0.0,2.0,1.0,0.0,0,0,0,00-0033908,4039
178,00-0033921,Chris Godwin,WR,22242,3,5.0,0,0.0,0,73,108,702.0,2,620.0,350.0,38.0,16.724440511190913,155.7,0.0,0,0,0.0,0.0,0.0,0.0,0.0,0,0,0,00-0033921,4037
179,00-0033923,Kareem Hunt,RB,26286,106,423.0,3,29.0,0,27,35,179.0,1,9.0,180.0,10.0,1.168515611212579,111.2,0.0,0,0,1.0,0.0,0.0,0.0,0.0,0,0,0,00-0033923,4098
180,00-0033925,D'Onta Foreman,RB,24264,147,637.0,4,31.0,1,5,9,26.0,0,-3.0,27.0,1.0,-10.932217505602033,97.3,0.0,0,0,0.0,0.0,0.0,0.0,0.0,0,0,0,00-0033925,4111
181,00-0033932,Kenny Golladay,WR,10110,0,0.0,0,0.0,0,4,10,51.0,0,100.0,11.0,2.0,-2.248331137263449,9.100000000000001,0.0,0,0,0.0,0.0,0.0,0.0,0.0,0,0,0,00-0033932,4131
182,00-0033936,C.J. Beathard,QB,4044,1,-1.0,0,0.0,0,0,0,0.0,0,0.0,0.0,0.0,0.0,0.13999999999999999,0.0,0,0,0.0,0.0,0.0,0.0,6.0,0,0,0,00-0033936,4127
183,00-0033943,Josh Reynolds,WR,18198,0,0.0,0,0.0,0,34,52,427.0,3,642.0,107.0,23.0,13.289646721535846,94.7,0.0,0,0,0.0,0.0,0.0,0.0,0.0,0,0,0,00-0033943,4171
184,00-0033948,Jamaal Williams,RB,26286,204,806.0,14,53.0,1,9,13,57.0,0,32.0,46.0,3.0,-1.1657591627445072,177.3,0.0,0,0,3.0,2.0,0.0,0.0,0.0,0,0,0,00-0033948,4149
185,00-0033951,Marlon Mack,RB,6066,7,25.0,0,0.0,0,4,5,73.0,1,-11.0,80.0,1.0,3.5021636211313307,19.799999999999997,0.0,0,0,0.0,0.0,0.0,0.0,0.0,0,0,0,00-0033951,4152
186,00-0034011,Dan Arnold,TE,16176,0,0.0,0,0.0,0,8,11,118.0,0,45.0,74.0,4.0,5.186592632904649,19.8,0.0,0,0,0.0,0.0,0.0,0.0,0.0,0,0,0,00-0034011,4741
187,00-0034054,River Cracraft,WR,14154,0,0.0,0,0.0,0,8,13,97.0,2,117.0,26.0,8.0,1.9659085886669345,29.7,0.0,0,0,0.0,0.0,0.0,0.0,0.0,0,0,0,00-0034054,4854
188,00-0034073,Ross Dwelley,TE,8088,0,0.0,0,0.0,0,3,5,105.0,1,69.0,43.0,3.0,8.342849017702974,19.5,0.0,0,0,0.0,0.0,0.0,0.0,0.0,0,0,0,00-0034073,5285
189,00-0034104,Cam Sims,WR,20220,0,0.0,0,0.0,0,7,16,73.0,0,211.0,18.0,4.0,-5.905840651830658,14.3,0.0,0,0,0.0,0.0,0.0,0.0,0.0,0,0,0,00-0034104,5432
190,00-0034109,Phillip Lindsay,RB,6066,15,49.0,0,1.0,1,6,8,19.0,0,17.0,11.0,0.0,-1.5184940778417513,14.8,0.0,0,0,0.0,0.0,0.0,0.0,0.0,0,0,0,00-0034109,
191,00-0034115,Jeff Wilson,RB,26286,136,706.0,4,35.0,0,16,26,149.0,1,84.0,109.0,6.0,-4.996670701373988,127.50000000000001,0.0,0,0,2.0,1.0,1.0,1.0,0.0,0,0,0,00-0034115,5284
192,00-0034159,Will Dissly,TE,26286,0,0.0,0,0.0,0,32,36,317.0,3,191.0,167.0,18.0,24.39298554591369,81.7,0.0,0,0,0.0,0.0,0.0,0.0,0.0,0,0,0,00-0034159,5010
193,00-0034160,Michael Dickson,P,4044,2,-18.0,0,0.0,0,0,0,0.0,0,0.0,0.0,0.0,0.0,-3.8,0.0,0,0,1.0,1.0,0.0,0.0,0.0,0,0,0,00-0034160,
194,00-0034171,Jason Cabinda,FB,4044,1,4.0,0,1.0,0,0,2,0.0,0,8.0,0.0,0.0,-1.2630572001216933,0.4,0.0,0,0,0.0,0.0,0.0,0.0,0.0,0,0,0,00-0034171,
195,00-0034184,Gus Edwards,RB,10110,62,261.0,3,21.0,0,0,2,0.0,0,6.0,0.0,0.0,-1.012467852095142,42.1,0.0,0,0,1.0,1.0,0.0,0.0,0.0,0,0,0,00-0034184,5248
196,00-0034208,Mike Boone,RB,16176,24,102.0,0,6.0,0,9,15,96.0,0,45.0,81.0,2.0,-7.14867603957688,28.800000000000004,0.0,0,0,0.0,0.0,0.0,0.0,0.0,0,0,0,00-0034208,5209
197,00-0034253,Dontrell Hilliard,RB,22242,22,145.0,0,4.0,0,21,26,177.0,4,39.0,151.0,8.0,5.730506802088248,77.2,0.0,0,0,0.0,0.0,0.0,0.0,0.0,0,0,0,00-0034253,5536
198,00-0034270,Tyler Conklin,TE,26286,1,1.0,0,1.0,0,45,71,418.0,3,490.0,226.0,18.0,-4.400271900373119,104.9,0.0,0,0,0.0,0.0,2.0,0.0,0.0,0,0,0,00-0034270,5133
199,00-0034272,Marquez Valdes-Scantling,WR,26286,1,-3.0,0,0.0,0,34,61,606.0,1,833.0,140.0,27.0,21.541385651441907,100.30000000000001,0.0,0,0,0.0,0.0,0.0,0.0,0.0,0,0,0,00-0034272,5086
200,00-0034279,Equanimeous St. Brown,WR,26286,6,54.0,0,2.0,0,18,34,282.0,1,457.0,87.0,12.0,0.7104561159438121,55.6,0.0,0,0,0.0,0.0,1.0,1.0,0.0,0,0,0,00-0034279,5323
201,00-0034286,Richie James,WR,22242,2,6.0,0,0.0,0,38,47,361.0,3,353.0,104.0,18.0,9.420835165796321,92.7,0.0,0,0,0.0,0.0,0.0,0.0,0.0,0,0,0,00-0034286,5137
202,00-0034297,Byron Pringle,WR,8088,0,0.0,0,0.0,0,5,7,57.0,1,94.0,6.0,4.0,6.620068194693886,16.7,0.0,0,0,0.0,0.0,0.0,0.0,0.0,0,0,0,00-0034297,5199
203,00-0034301,Darrel Williams,RB,10110,21,102.0,1,8.0,0,4,8,9.0,0,-24.0,15.0,0.0,-5.260199181968346,21.1,0.0,0,0,0.0,0.0,0.0,0.0,0.0,0,0,0,00-0034301,5549
204,00-0034317,Keith Kirkwood,WR,4044,0,0.0,0,0.0,0,2,2,18.0,0,14.0,4.0,1.0,1.5595788832288235,3.8000000000000003,0.0,0,0,0.0,0.0,0.0,0.0,0.0,0,0,0,00-0034317,
205,00-0034335,Marcus Allen,ILB,2022,1,4.0,0,1.0,0,0,0,0.0,0,0.0,0.0,0.0,0.0,0.4,0.0,0,0,0.0,0.0,0.0,0.0,0.0,0,0,0,00-0034335,
206,00-0034348,Courtland Sutton,WR,24264,1,5.0,0,0.0,0,52,89,688.0,1,1045.0,141.0,32.0,21.288161090379813,127.30000000000001,0.0,0,0,0.0,0.0,0.0,0.0,0.0,0,0,0,00-0034348,5045
207,00-0034351,Dallas Goedert,TE,18198,0,0.0,0,0.0,0,43,53,544.0,3,276.0,361.0,31.0,36.70729157382634,113.4,0.0,0,0,0.0,0.0,1.0,1.0,0.0,0,0,0,00-0034351,5022
208,00-0034355,M.J. Stewart,SS,2022,1,3.0,0,1.0,0,0,0,0.0,0,0.0,0.0,0.0,0.0,0.30000000000000004,0.0,0,0,0.0,0.0,0.0,0.0,0.0,0,0,0,00-0034355,
209,00-0034360,Lorenzo Carter,OLB,2022,0,0.0,0,0.0,0,0,0,0.0,0,0.0,0.0,0.0,0.0,6.0,0.0,0,0,0.0,0.0,0.0,0.0,0.0,0,0,0,00-0034360,
210,00-0034364,Jordan Akins,TE,22242,0,0.0,0,0.0,0,25,34,326.0,2,159.0,220.0,16.0,15.76408968452597,67.60000000000001,0.0,0,0,0.0,0.0,1.0,1.0,0.0,0,0,0,00-0034364,5032
211,00-0034365,Ian Thomas,TE,22242,0,0.0,0,0.0,0,19,26,176.0,0,61.0,162.0,7.0,3.9233065354346763,36.6,0.0,0,0,0.0,0.0,0.0,0.0,0.0,0,0,0,00-0034365,4995
212,00-0034366,Keke Coutee,WR,2022,0,0.0,0,0.0,0,1,1,20.0,0,12.0,8.0,0.0,-3.799164329539053,1.0,0.0,0,0,0.0,0.0,1.0,1.0,0.0,0,0,0,00-0034366,5007
213,00-0034367,Nyheim Hines,RB,26286,23,31.0,1,2.0,0,28,34,222.0,0,91.0,172.0,9.0,8.980851538239847,59.300000000000004,0.0,0,0,0.0,0.0,0.0,0.0,0.0,0,0,0,00-0034367,5347
214,00-0034383,Dalton Schultz,TE,22242,0,0.0,0,0.0,0,41,62,430.0,3,458.0,144.0,19.0,5.5641220444272985,100.0,0.0,0,0,0.0,0.0,1.0,1.0,0.0,0,0,0,00-0034383,5001
215,00-0034386,Justin Watson,WR,26286,0,0.0,0,0.0,0,13,24,221.0,2,395.0,29.0,10.0,11.824959427162215,47.1,0.0,0,0,0.0,0.0,0.0,0.0,0.0,0,0,0,00-0034386,5374
216,00-0034400,Jordan Wilkins,RB,4044,6,31.0,0,2.0,0,4,5,15.0,0,-10.0,26.0,0.0,-1.8132892083958723,8.600000000000001,0.0,0,0,0.0,0.0,0.0,0.0,0.0,0,0,0,00-0034400,5100
217,00-0034401,Mike White,QB,6066,6,9.0,1,3.0,0,0,0,0.0,0,0.0,0.0,0.0,0.0,52.980000000000004,2.0,1,0,0.0,0.0,0.0,0.0,952.0,3,0,0,00-0034401,5089
218,00-0034407,Ray-Ray McCloud,WR,22242,3,7.0,0,0.0,0,12,19,185.0,1,288.0,34.0,9.0,10.927474150259513,37.2,0.0,0,0,0.0,0.0,0.0,0.0,0.0,0,0,0,00-0034407,5096
219,00-0034411,Russell Gage,WR,18198,0,0.0,0,0.0,0,32,43,254.0,2,239.0,96.0,15.0,4.5792528135934845,69.4,0.0,0,0,0.0,0.0,1.0,1.0,0.0,0,0,1,00-0034411,5110
220,00-0034414,Boston Scott,RB,22242,43,157.0,2,8.0,0,5,5,15.0,0,-5.0,20.0,0.0,-3.335394153604284,34.2,0.0,0,0,0.0,0.0,0.0,0.0,0.0,0,0,0,00-0034414,5122
221,00-0034418,Cedrick Wilson,WR,16176,1,8.0,0,0.0,0,11,16,115.0,0,159.0,41.0,7.0,6.029974625096656,23.3,0.0,0,0,0.0,0.0,0.0,0.0,0.0,0,0,0,00-0034418,5113
222,00-0034419,Braxton Berrios,WR,26286,9,91.0,2,5.0,0,16,25,107.0,0,110.0,68.0,6.0,-9.350574365410596,51.879999999999995,0.0,0,0,0.0,0.0,0.0,0.0,2.0,1,0,0,00-0034419,5121
223,00-0034440,Justin Jackson,RB,18198,34,153.0,1,8.0,0,10,15,75.0,1,23.0,78.0,5.0,2.826975741720452,44.8,0.0,0,0,0.0,0.0,0.0,0.0,0.0,0,0,0,00-0034440,5131
224,00-0034487,Trent Sherfield,WR,26286,0,0.0,0,0.0,0,26,42,362.0,2,457.0,133.0,15.0,11.381672697171382,74.2,0.0,0,0,0.0,0.0,0.0,0.0,0.0,0,0,0,00-0034487,5154
225,00-0034496,Sean Chandler,SS,2022,1,2.0,0,1.0,0,0,0,0.0,0,0.0,0.0,0.0,0.0,0.2,0.0,0,0,0.0,0.0,0.0,0.0,0.0,0,0,0,00-0034496,
226,00-0034521,Allen Lazard,WR,22242,0,0.0,0,0.0,0,45,75,620.0,5,954.0,206.0,36.0,12.36736933582012,137.0,0.0,0,0,0.0,0.0,0.0,0.0,0.0,0,0,0,00-0034521,5185
227,00-0034577,Kyle Allen,QB,4044,6,13.0,0,2.0,0,0,0,0.0,0,0.0,0.0,0.0,0.0,15.940000000000001,4.0,2,0,2.0,1.0,0.0,0.0,416.0,2,0,0,00-0034577,5127
228,00-0034613,Tanner Hudson,TE,12132,0,0.0,0,0.0,0,10,15,132.0,0,110.0,59.0,8.0,2.8454407250974327,23.200000000000003,0.0,0,0,0.0,0.0,0.0,0.0,0.0,0,0,0,00-0034613,
229,00-0034646,Brandon Powell,WR,24264,12,53.0,0,4.0,0,18,22,135.0,0,32.0,149.0,6.0,4.485616055870196,36.8,0.0,0,0,0.0,0.0,0.0,0.0,0.0,0,0,0,00-0034646,5695
230,00-0034676,James Washington,WR,2022,0,0.0,0,0.0,0,0,1,0.0,0,6.0,0.0,0.0,-0.3206392116844654,0.0,0.0,0,0,0.0,0.0,0.0,0.0,0.0,0,0,0,00-0034676,5024
231,00-0034681,Chase Edmonds,RB,20220,46,135.0,2,6.0,0,11,19,96.0,1,36.0,66.0,4.0,1.3846408616324761,52.1,0.0,0,0,0.0,0.0,0.0,0.0,0.0,0,0,0,00-0034681,5000
232,00-0034750,Rashaad Penny,RB,10110,57,346.0,2,15.0,0,4,5,16.0,0,-12.0,28.0,2.0,1.0691364296362735,52.2,0.0,0,0,1.0,0.0,0.0,0.0,0.0,0,0,0,00-0034750,4985
233,00-0034753,Mark Andrews,TE,24264,3,8.0,0,3.0,0,58,92,671.0,5,940.0,190.0,38.0,16.712082153341466,157.9,0.0,0,0,0.0,0.0,1.0,0.0,0.0,0,0,1,00-0034753,5012
234,00-0034764,Michael Gallup,WR,20220,0,0.0,0,0.0,0,30,55,337.0,3,654.0,94.0,18.0,0.2746514471851671,81.7,0.0,0,0,0.0,0.0,0.0,0.0,0.0,0,0,0,00-0034764,5038
235,00-0034765,Tre'Quan Smith,WR,16176,0,0.0,0,0.0,0,18,26,272.0,1,326.0,65.0,14.0,7.24340911352758,51.2,0.0,0,0,0.0,0.0,0.0,0.0,0.0,0,0,0,00-0034765,5026
236,00-0034775,Christian Kirk,WR,26286,4,7.0,0,0.0,0,67,106,874.0,7,913.0,321.0,44.0,25.871752176878257,197.10000000000002,0.0,0,0,0.0,0.0,0.0,0.0,0.0,0,0,0,00-0034775,4950
237,00-0034777,D.J. Chark,WR,14154,0,0.0,0,0.0,0,20,37,306.0,3,609.0,71.0,16.0,9.281589424619256,68.6,0.0,0,0,0.0,0.0,0.0,0.0,0.0,0,0,0,00-0034777,4951
238,00-0034791,Nick Chubb,RB,26286,231,1153.0,12,51.0,1,20,27,172.0,0,-9.0,197.0,8.0,3.666974779625889,224.5,0.0,0,0,1.0,1.0,0.0,0.0,0.0,0,0,0,00-0034791,4988
239,00-0034796,Lamar Jackson,QB,24264,112,764.0,3,47.0,0,0,0,0.0,0,0.0,0.0,0.0,0.0,236.08,7.0,3,1,2.0,1.0,0.0,0.0,2242.0,17,1,0,00-0034796,4881
240,00-0034798,Durham Smythe,TE,16176,2,1.0,1,1.0,0,9,12,75.0,1,49.0,23.0,5.0,-0.8786562026361935,28.6,0.0,0,0,0.0,0.0,0.0,0.0,0.0,0,0,0,00-0034798,5008
241,00-0034816,Ronald Jones,RB,2022,4,12.0,0,1.0,0,1,1,22.0,0,-1.0,23.0,1.0,1.8496459323796444,4.4,0.0,0,0,0.0,0.0,0.0,0.0,0.0,0,0,0,00-0034816,5052
242,00-0034827,D.J. Moore,WR,26286,9,45.0,0,2.0,0,46,91,605.0,4,1081.0,136.0,29.0,-1.2002590936736564,135.0,0.0,0,0,0.0,0.0,0.0,0.0,0.0,0,0,0,00-0034827,4983
243,00-0034829,Mike Gesicki,TE,26286,0,0.0,0,0.0,0,24,39,269.0,4,359.0,80.0,15.0,3.1838038289542157,74.9,0.0,0,0,0.0,0.0,0.0,0.0,0.0,0,0,0,00-0034829,4993
244,00-0034830,Hayden Hurst,TE,24264,0,0.0,0,0.0,0,48,63,400.0,2,333.0,176.0,22.0,19.44022943296324,100.0,0.0,0,0,0.0,0.0,0.0,0.0,0.0,0,0,0,00-0034830,4973
245,00-0034844,Saquon Barkley,RB,26286,251,1083.0,8,47.0,0,42,54,261.0,0,16.0,318.0,6.0,-12.377612247834373,226.4,0.0,0,0,1.0,0.0,0.0,0.0,0.0,0,0,1,00-0034844,4866
246,00-0034845,Sony Michel,RB,20220,36,106.0,0,8.0,0,9,13,53.0,0,22.0,46.0,1.0,-6.602370128559414,24.900000000000002,0.0,0,0,0.0,0.0,0.0,0.0,0.0,0,0,0,00-0034845,4962
247,00-0034854,KhaDarel Hodge,WR,16176,0,0.0,0,0.0,0,12,19,197.0,1,263.0,61.0,7.0,12.17315320414491,39.7,0.0,0,0,0.0,0.0,0.0,0.0,0.0,0,0,1,00-0034854,5773
248,00-0034855,Baker Mayfield,QB,16176,20,62.0,1,5.0,0,0,0,0.0,0,0.0,0.0,0.0,0.0,87.92,6.0,2,0,4.0,1.0,0.0,0.0,1543.0,7,0,0,00-0034855,4892
249,00-0034857,Josh Allen,QB,26286,99,628.0,6,45.0,0,0,0,0.0,0,0.0,0.0,0.0,0.0,314.92,11.0,5,2,5.0,2.0,0.0,0.0,3553.0,26,0,0,00-0034857,4984
250,00-0034860,Dante Pettis,WR,20220,2,37.0,0,2.0,0,14,25,202.0,2,280.0,49.0,6.0,-3.526147819113683,49.9,0.0,0,0,0.0,0.0,0.0,0.0,0.0,0,0,0,00-0034860,4992
251,00-0034869,Sam Darnold,QB,4044,7,33.0,1,2.0,0,0,0,0.0,0,0.0,0.0,0.0,0.0,28.66,0.0,0,0,1.0,0.0,0.0,0.0,284.0,2,0,0,00-0034869,4943
252,00-0034899,John Wolford,QB,4044,8,32.0,0,2.0,0,0,0,0.0,0,0.0,0.0,0.0,0.0,14.8,3.0,2,1,1.0,0.0,0.0,0.0,390.0,1,0,0,00-0034899,5806
253,00-0034928,Steven Sims,WR,14154,10,35.0,0,3.0,0,9,16,53.0,0,75.0,36.0,4.0,-5.847305855768657,17.8,0.0,0,0,0.0,0.0,0.0,0.0,0.0,0,0,0,00-0034928,6402
254,00-0034955,Brett Rypien,QB,4044,4,9.0,0,2.0,0,0,0,0.0,0,0.0,0.0,0.0,0.0,10.54,2.0,1,0,1.0,0.0,0.0,0.0,241.0,1,0,0,00-0034955,6037
255,00-0034959,Andrew Beck,TE,10110,1,-1.0,0,0.0,0,3,6,59.0,0,48.0,38.0,2.0,1.4378472077660263,8.8,0.0,0,0,0.0,0.0,0.0,0.0,0.0,0,0,0,00-0034959,6323
256,00-0034960,Jakobi Meyers,WR,20220,2,9.0,0,2.0,0,50,67,593.0,3,665.0,167.0,28.0,28.172098450897938,126.2,0.0,0,0,0.0,0.0,1.0,1.0,0.0,0,0,0,00-0034960,5947
257,00-0034970,Irv Smith,TE,14154,0,0.0,0,0.0,0,22,33,168.0,2,155.0,86.0,9.0,-4.373813403581534,50.8,0.0,0,0,0.0,0.0,1.0,0.0,0.0,0,0,0,00-0034970,6126
258,00-0034972,Alexander Mattison,RB,26286,50,173.0,3,12.0,0,13,16,78.0,1,-28.0,103.0,4.0,3.6932885027781595,62.1,0.0,0,0,0.0,0.0,0.0,0.0,0.0,0,0,0,00-0034972,5987
259,00-0034975,Justice Hill,RB,20220,41,225.0,0,10.0,0,10,10,39.0,0,-24.0,63.0,1.0,0.5657061326201074,34.400000000000006,0.0,0,0,1.0,1.0,1.0,0.0,0.0,0,0,0,00-0034975,5995
260,00-0034981,Foster Moreau,TE,20220,0,0.0,0,0.0,0,25,45,316.0,2,383.0,173.0,19.0,7.669241930329008,68.60000000000001,0.0,0,0,0.0,0.0,0.0,0.0,0.0,0,0,0,00-0034981,5985
261,00-0034983,Hunter Renfrow,WR,12132,0,0.0,0,0.0,0,21,29,192.0,0,163.0,78.0,10.0,-9.982741000583836,38.2,0.0,0,0,0.0,0.0,3.0,1.0,0.0,0,0,0,00-0034983,5955
262,00-0035021,Ashton Dulin,WR,12132,1,3.0,0,0.0,0,13,20,182.0,1,231.0,31.0,10.0,5.913017769227736,37.5,0.0,0,0,0.0,0.0,0.0,0.0,0.0,0,0,0,00-0035021,6427
263,00-0035022,Penny Hart,WR,2022,0,0.0,0,0.0,0,1,1,15.0,0,7.0,8.0,1.0,0.7883316886727698,2.5,0.0,0,0,0.0,0.0,0.0,0.0,0.0,0,0,0,00-0035022,5902
264,00-0035042,Jamie Gillan,P,4044,2,-3.0,0,0.0,0,0,0,0.0,0,0.0,0.0,0.0,0.0,-0.30000000000000004,0.0,0,0,1.0,0.0,0.0,0.0,0.0,0,0,0,00-0035042,
265,00-0035099,Khari Blasingame,FB,2022,0,0.0,0,0.0,0,0,1,0.0,0,-4.0,0.0,0.0,-0.5554934327956289,0.0,0.0,0,0,0.0,0.0,0.0,0.0,0.0,0,0,0,00-0035099,6379
266,00-0035125,Alec Ingold,FB,18198,5,6.0,1,4.0,0,14,18,98.0,1,61.0,85.0,4.0,0.7266933061764576,36.4,0.0,0,0,0.0,0.0,0.0,0.0,0.0,0,0,0,00-0035125,6109
267,00-0035140,Mecole Hardman,WR,16176,4,31.0,2,3.0,0,25,34,297.0,4,275.0,160.0,14.0,18.585516858866452,93.8,0.0,0,0,0.0,0.0,0.0,0.0,0.0,0,0,0,00-0035140,5917
268,00-0035146,Trace McSorley,QB,4044,4,26.0,0,1.0,0,0,0,0.0,0,0.0,0.0,0.0,0.0,3.44,1.0,0,0,0.0,0.0,0.0,0.0,71.0,0,0,0,00-0035146,5974
269,00-0035156,Jack Fox,P,2022,0,0.0,0,0.0,0,0,0,0.0,0,0.0,0.0,0.0,0.0,0.24,0.0,0,0,0.0,0.0,0.0,0.0,6.0,0,0,0,00-0035156,
270,00-0035184,Devine Ozigbo,RB,4044,1,2.0,0,0.0,0,1,1,3.0,0,-4.0,7.0,0.0,-0.18005229509435594,1.5,0.0,0,0,0.0,0.0,0.0,0.0,0.0,0,0,0,00-0035184,
271,00-0035208,Olamide Zaccheaus,WR,26286,2,7.0,0,1.0,0,32,44,478.0,2,543.0,157.0,22.0,24.548624999897967,90.5,0.0,0,0,0.0,0.0,1.0,1.0,0.0,0,0,0,00-0035208,6271
272,00-0035215,Deonte Harty,WR,4044,0,0.0,0,0.0,0,2,2,13.0,0,5.0,8.0,0.0,-1.210729691607412,3.3,0.0,0,0,0.0,0.0,0.0,0.0,0.0,0,0,0,00-0035215,6234
273,00-0035216,Diontae Johnson,WR,26286,6,23.0,0,1.0,0,67,113,647.0,0,1172.0,149.0,33.0,-22.35575766407401,136.0,0.0,0,0,0.0,0.0,1.0,0.0,0.0,0,0,1,00-0035216,5937
274,00-0035217,Benny Snell,RB,6066,20,90.0,1,6.0,0,2,2,17.0,0,-1.0,18.0,1.0,1.564240626001265,18.7,0.0,0,0,0.0,0.0,0.0,0.0,0.0,0,0,0,00-0035217,6156
275,00-0035222,Zach Gentry,TE,22242,0,0.0,0,0.0,0,16,20,104.0,0,50.0,88.0,5.0,-1.1500845174457717,26.4,0.0,0,0,0.0,0.0,0.0,0.0,0.0,0,0,0,00-0035222,6018
276,00-0035228,Kyler Murray,QB,22242,67,418.0,3,23.0,1,0,0,0.0,0,0.0,0.0,0.0,0.0,200.52,7.0,3,0,4.0,2.0,0.0,0.0,2368.0,14,3,0,00-0035228,5849
277,00-0035229,T.J. Hockenson,TE,26286,0,0.0,0,0.0,0,62,91,697.0,4,632.0,321.0,34.0,8.399046462206096,155.70000000000002,0.0,0,0,0.0,0.0,1.0,1.0,0.0,0,0,1,00-0035229,5844
278,00-0035243,Miles Sanders,RB,26286,204,1068.0,11,54.0,0,18,23,85.0,0,28.0,97.0,2.0,-3.947622354142368,199.3,0.0,0,0,0.0,0.0,0.0,0.0,0.0,0,0,0,00-0035243,6151
279,00-0035249,Josh Oliver,TE,16176,0,0.0,0,0.0,0,11,18,130.0,2,106.0,60.0,7.0,8.288542431631392,36.0,0.0,0,0,0.0,0.0,0.0,0.0,0.0,0,0,0,00-0035249,5973
280,00-0035250,Devin Singletary,RB,26286,145,642.0,4,34.0,0,32,44,230.0,1,5.0,215.0,13.0,4.638093087115349,145.20000000000002,0.0,0,0,2.0,2.0,0.0,0.0,0.0,0,0,0,00-0035250,6130
281,00-0035259,Trevon Wesco,TE,8088,0,0.0,0,0.0,0,2,4,26.0,0,23.0,12.0,1.0,-0.3263465259806253,6.6000000000000005,0.0,0,0,0.0,0.0,0.0,0.0,0.0,0,0,1,00-0035259,6181
282,00-0035261,Tony Pollard,RB,26286,158,894.0,9,42.0,0,29,41,279.0,3,11.0,276.0,12.0,3.870569596573377,218.3,0.0,0,0,0.0,0.0,0.0,0.0,0.0,0,0,0,00-0035261,5967
283,00-0035264,Jarrett Stidham,QB,2022,0,0.0,0,0.0,0,0,0,0.0,0,0.0,0.0,0.0,0.0,2.88,0.0,0,0,0.0,0.0,0.0,0.0,72.0,0,0,0,00-0035264,6136
284,00-0035272,Andrew Van Ginkel,OLB,2022,0,0.0,0,0.0,0,0,0,0.0,0,0.0,0.0,0.0,0.0,6.0,0.0,0,0,0.0,0.0,0.0,0.0,0.0,0,0,0,00-0035272,
285,00-0035277,Michael Jackson,CB,2022,0,0.0,0,0.0,0,0,0,0.0,0,0.0,0.0,0.0,0.0,6.0,0.0,0,0,0.0,0.0,0.0,0.0,0.0,0,0,0,00-0035277,
286,00-0035289,Gardner Minshew,QB,6066,2,-2.0,0,0.0,0,0,0,0.0,0,0.0,0.0,0.0,0.0,1.1600000000000001,0.0,0,0,0.0,0.0,0.0,0.0,34.0,0,0,0,00-0035289,6011
287,00-0035291,Trayveon Williams,RB,8088,6,30.0,0,1.0,0,2,3,30.0,0,20.0,8.0,1.0,1.588026122044539,8.0,0.0,0,0,0.0,0.0,0.0,0.0,0.0,0,0,0,00-0035291,6144
288,00-0035298,Scott Miller,WR,18198,1,8.0,0,0.0,0,22,37,177.0,0,460.0,27.0,8.0,1.2699345445450811,40.5,0.0,0,0,0.0,0.0,0.0,0.0,0.0,0,0,0,00-0035298,6290
289,00-0035308,Tommy Sweeney,TE,2022,0,0.0,0,0.0,0,1,1,7.0,0,-1.0,8.0,1.0,0.8010767865926027,1.7000000000000002,0.0,0,0,0.0,0.0,0.0,0.0,0.0,0,0,0,00-0035308,6137
290,00-0035311,Myles Gaskin,RB,4044,10,26.0,0,2.0,0,4,6,28.0,0,17.0,20.0,0.0,-4.269892948854249,9.4,0.0,0,0,0.0,0.0,0.0,0.0,0.0,0,0,0,00-0035311,5980
291,00-0035327,C.J. Moore,FS,4044,2,55.0,0,2.0,0,0,0,0.0,0,0.0,0.0,0.0,0.0,5.5,0.0,0,0,0.0,0.0,0.0,0.0,0.0,0,0,0,00-0035327,
292,00-0035329,Donald Parham,TE,4044,0,0.0,0,0.0,0,3,4,53.0,0,51.0,11.0,2.0,2.284087313314242,8.3,0.0,0,0,0.0,0.0,0.0,0.0,0.0,0,0,0,00-0035329,6074
293,00-0035341,Trenton Irwin,WR,12132,1,11.0,0,1.0,0,10,15,169.0,2,168.0,48.0,7.0,12.127659614139702,40.0,0.0,0,0,0.0,0.0,0.0,0.0,0.0,0,0,0,00-0035341,6598
294,00-0035345,Chris Myarick,TE,14154,0,0.0,0,0.0,0,7,8,65.0,1,23.0,38.0,5.0,7.242674909415655,19.5,0.0,0,0,0.0,0.0,0.0,0.0,0.0,0,0,0,00-0035345,6529
295,00-0035359,David Sills,WR,14154,0,0.0,0,0.0,0,11,17,106.0,0,133.0,40.0,7.0,4.902425638021668,21.6,0.0,0,0,0.0,0.0,0.0,0.0,0.0,0,0,0,00-0035359,6154
296,00-0035399,Stanley Morgan,WR,2022,0,0.0,0,0.0,0,0,1,0.0,0,0.0,0.0,0.0,-3.1803987219464034,0.0,0.0,0,0,0.0,0.0,0.0,0.0,0.0,0,0,0,00-0035399,6069
297,00-0035406,Lil'Jordan Humphrey,WR,6066,0,0.0,0,0.0,0,2,4,20.0,0,27.0,15.0,0.0,0.31961415556725115,4.0,0.0,0,0,0.0,0.0,0.0,0.0,0.0,0,0,0,00-0035406,5938
298,00-0035414,Jalen Guyton,WR,4044,0,0.0,0,0.0,0,2,4,64.0,0,115.0,7.0,2.0,4.264032681277691,8.4,0.0,0,0,0.0,0.0,0.0,0.0,0.0,0,0,0,00-0035414,6421
299,00-0035432,Jason Moore,WR,2022,0,0.0,0,0.0,0,1,2,5.0,0,24.0,0.0,0.0,-0.7422923792619258,1.5,0.0,0,0,0.0,0.0,0.0,0.0,0.0,0,0,0,00-0035432,6247
300,00-0035457,Tyron Johnson,WR,2022,0,0.0,0,0.0,0,1,1,8.0,0,-2.0,10.0,0.0,0.6337599324760959,1.8,0.0,0,0,0.0,0.0,0.0,0.0,0.0,0,0,0,00-0035457,
301,00-0035500,Greg Dortch,WR,16176,2,4.0,0,0.0,0,34,39,324.0,2,157.0,210.0,15.0,15.053149868597655,78.8,0.0,0,0,0.0,0.0,0.0,0.0,0.0,0,0,0,00-0035500,5970
302,00-0035510,Jeff Smith,WR,12132,0,0.0,0,0.0,0,4,6,57.0,0,60.0,28.0,3.0,4.035426113696303,9.700000000000001,0.0,0,0,0.0,0.0,0.0,0.0,0.0,0,0,0,00-0035510,6557
303,00-0035527,Andy Isabella,WR,4044,0,0.0,0,0.0,0,2,5,21.0,0,70.0,5.0,2.0,0.3533556764500596,4.1,0.0,0,0,0.0,0.0,0.0,0.0,0.0,0,0,0,00-0035527,
304,00-0035535,Darius Slayton,WR,20220,0,0.0,0,0.0,0,35,55,608.0,2,743.0,214.0,26.0,38.31259248685092,107.8,0.0,0,0,0.0,0.0,0.0,0.0,0.0,0,0,0,00-0035535,6149
305,00-0035537,Ty Johnson,RB,14154,15,95.0,1,2.0,0,9,16,64.0,0,50.0,51.0,1.0,-7.2146837575752665,30.900000000000002,0.0,0,0,0.0,0.0,0.0,0.0,0.0,0,0,0,00-0035537,6039
306,00-0035544,Tom Kennedy,WR,10110,0,0.0,0,0.0,0,8,15,141.0,0,129.0,78.0,7.0,7.931223585629738,22.1,0.0,0,0,0.0,0.0,0.0,0.0,0.0,0,0,0,00-0035544,6588
307,00-0035547,Jody Fortson,TE,16176,0,0.0,0,0.0,0,9,12,108.0,2,84.0,40.0,6.0,9.10017952384078,31.8,0.0,0,0,0.0,0.0,0.0,0.0,0.0,0,0,0,00-0035547,6665
308,00-0035562,Jesper Horsted,TE,4044,0,0.0,0,0.0,0,3,4,19.0,0,26.0,6.0,0.0,0.026683711330406368,4.9,0.0,0,0,0.0,0.0,0.0,0.0,0.0,0,0,0,00-0035562,6075
309,00-0035567,Craig Reynolds,RB,12132,23,102.0,0,4.0,0,9,10,116.0,0,8.0,112.0,5.0,5.997502274305266,30.8,0.0,0,0,0.0,0.0,0.0,0.0,0.0,0,0,0,00-0035567,6659
310,00-0035572,Parker Hesse,TE,14154,0,0.0,0,0.0,0,7,9,75.0,0,60.0,27.0,5.0,7.7605577009380795,14.5,0.0,0,0,0.0,0.0,0.0,0.0,0.0,0,0,0,00-0035572,6662
311,00-0035593,Juwann Winfree,WR,6066,0,0.0,0,0.0,0,1,4,17.0,0,52.0,5.0,1.0,-0.9984831518377177,2.7,0.0,0,0,0.0,0.0,0.0,0.0,0.0,0,0,0,00-0035593,6223
312,00-0035594,Travis Homer,RB,14154,18,69.0,0,4.0,0,12,14,132.0,1,26.0,109.0,6.0,2.4168448834097944,38.1,0.0,0,0,0.0,0.0,0.0,0.0,0.0,0,0,0,00-0035594,6012
313,00-0035603,Kendall Blanton,TE,4044,0,0.0,0,0.0,0,2,2,35.0,0,12.0,23.0,1.0,1.9455287664895877,5.5,0.0,0,0,0.0,0.0,0.0,0.0,0.0,0,0,0,00-0035603,
314,00-0035609,Jake Gervase,ILB,2022,0,0.0,0,0.0,0,1,1,12.0,0,6.0,6.0,1.0,2.6160584269091487,2.2,0.0,0,0,0.0,0.0,0.0,0.0,0.0,0,0,0,00-0035609,
315,00-0035624,N'Keal Harry,WR,8088,0,0.0,0,0.0,0,5,6,93.0,1,99.0,10.0,3.0,6.972707626933698,20.3,0.0,0,0,0.0,0.0,0.0,0.0,0.0,0,0,0,00-0035624,5878
316,00-0035628,D'Ernest Johnson,RB,6066,4,17.0,0,1.0,0,3,3,7.0,0,-1.0,8.0,0.0,-0.9645693320198916,5.4,0.0,0,0,0.0,0.0,0.0,0.0,0.0,0,0,0,00-0035628,6694
317,00-0035631,Drew Sample,TE,4044,0,0.0,0,0.0,0,2,2,-2.0,0,-2.0,0.0,0.0,-3.0159643418687336,1.7999999999999998,0.0,0,0,0.0,0.0,0.0,0.0,0.0,0,0,0,00-0035631,6001
318,00-0035639,Parris Campbell,WR,26286,3,31.0,0,1.0,0,50,68,497.0,3,403.0,255.0,26.0,11.561826765579495,120.8,0.0,0,0,0.0,0.0,0.0,0.0,0.0,0,0,0,00-0035639,5880
319,00-0035640,DK Metcalf,WR,26286,0,0.0,0,0.0,0,72,110,869.0,6,1241.0,186.0,41.0,20.719142740726877,190.9,0.0,0,0,0.0,0.0,2.0,2.0,0.0,0,0,0,00-0035640,5846
320,00-0035644,Noah Fant,TE,26286,0,0.0,0,0.0,0,37,47,382.0,2,291.0,195.0,18.0,14.716466063118505,87.2,0.0,0,0,0.0,0.0,0.0,0.0,0.0,0,0,0,00-0035644,5857
321,00-0035645,Gunner Olszewski,WR,14154,5,29.0,0,1.0,0,4,6,50.0,0,54.0,13.0,1.0,1.2593255523534026,11.9,0.0,0,0,0.0,0.0,0.0,0.0,0.0,0,0,0,00-0035645,6699
322,00-0035657,Damien Harris,RB,18198,84,383.0,3,19.0,0,13,16,75.0,0,9.0,71.0,4.0,0.1315247690945398,76.80000000000001,0.0,0,0,0.0,0.0,0.0,0.0,0.0,0,0,0,00-0035657,5890
323,00-0035659,Terry McLaurin,WR,26286,6,17.0,0,1.0,0,62,98,945.0,3,1273.0,338.0,44.0,40.28826491444971,176.20000000000002,0.0,0,0,1.0,0.0,0.0,0.0,0.0,0,0,0,00-0035659,5927
324,00-0035662,Marquise Brown,WR,16176,0,0.0,0,0.0,0,53,80,565.0,3,842.0,191.0,28.0,4.982911519177002,127.5,0.0,0,0,0.0,0.0,1.0,0.0,0.0,0,0,0,00-0035662,5848
325,00-0035664,Darrell Henderson,RB,20220,70,283.0,3,14.0,0,17,22,102.0,0,28.0,110.0,5.0,-2.261365839134669,73.5,0.0,0,0,0.0,0.0,0.0,0.0,0.0,0,0,0,00-0035664,5916
326,00-0035676,A.J. Brown,WR,26286,0,0.0,0,0.0,0,65,102,1020.0,10,1152.0,369.0,42.0,46.63605998867275,223.0,0.0,0,0,0.0,0.0,2.0,2.0,0.0,0,0,0,00-0035676,5859
327,00-0035685,David Montgomery,RB,24264,160,641.0,4,35.0,0,25,30,244.0,0,45.0,216.0,7.0,0.2082075186322001,135.5,0.0,0,0,0.0,0.0,1.0,1.0,0.0,0,0,0,00-0035685,5892
328,00-0035689,Dawson Knox,TE,24264,0,0.0,0,0.0,0,37,50,368.0,3,362.0,142.0,18.0,6.063804260644549,91.8,0.0,0,0,0.0,0.0,0.0,0.0,0.0,0,0,0,00-0035689,5906
329,00-0035700,Josh Jacobs,RB,26286,269,1402.0,11,77.0,0,44,52,346.0,0,12.0,336.0,13.0,2.5187649053520182,282.8,0.0,0,0,1.0,0.0,1.0,1.0,0.0,0,0,0,00-0035700,5850
330,00-0035703,Miles Boykin,WR,4044,0,0.0,0,0.0,0,1,2,11.0,0,46.0,0.0,1.0,-0.399341695883777,2.1,0.0,0,0,0.0,0.0,0.0,0.0,0.0,0,0,0,00-0035703,5965
331,00-0035710,Daniel Jones,QB,26286,95,548.0,5,45.0,0,0,0,0.0,0,0.0,0.0,0.0,0.0,222.16,4.0,3,2,2.0,1.0,0.0,0.0,2534.0,12,1,0,00-0035710,5870
332,00-0035719,Deebo Samuel,WR,24264,41,228.0,3,8.0,0,54,91,612.0,2,411.0,465.0,24.0,8.44025594446395,164.0,0.0,0,0,3.0,2.0,0.0,0.0,0.0,0,0,0,00-0035719,5872
333,00-0035726,Jakob Johnson,FB,10110,0,0.0,0,0.0,0,4,5,7.0,0,6.0,5.0,0.0,-3.266313994769007,4.7,0.0,0,0,0.0,0.0,0.0,0.0,0.0,0,0,0,00-0035726,6202
334,00-0035771,Mitchell Wilcox,TE,14154,0,0.0,0,0.0,0,8,9,70.0,0,45.0,41.0,3.0,1.634253574127797,15.0,0.0,0,0,0.0,0.0,0.0,0.0,0.0,0,0,0,00-0035771,6894
335,00-0035806,Jamycal Hasty,RB,20220,29,133.0,1,3.0,0,12,15,90.0,1,-14.0,86.0,4.0,5.939403849133029,46.3,0.0,0,0,0.0,0.0,0.0,0.0,0.0,0,0,0,00-0035806,6996
336,00-0035823,Ben Ellefson,TE,4044,0,0.0,0,0.0,0,3,3,26.0,0,15.0,11.0,2.0,0.7453874025959522,5.6000000000000005,0.0,0,0,0.0,0.0,0.0,0.0,0.0,0,0,0,00-0035823,7288
337,00-0035831,James Robinson,RB,22242,110,425.0,3,22.0,0,11,14,51.0,2,7.0,57.0,5.0,1.595253336126916,88.6,0.0,0,0,1.0,0.0,0.0,0.0,0.0,0,0,0,00-0035831,6955
338,00-0035860,Tony Jones,RB,6066,10,24.0,0,3.0,0,5,8,30.0,0,-22.0,34.0,0.0,-5.515736845671199,10.4,0.0,0,0,0.0,0.0,0.0,0.0,0.0,0,0,0,00-0035860,6984
339,00-0035864,Kendall Hinton,WR,20220,1,13.0,0,1.0,0,24,31,311.0,0,289.0,139.0,14.0,17.941269275877858,56.4,0.0,0,0,0.0,0.0,0.0,0.0,0.0,0,0,0,00-0035864,7210
340,00-0035876,Andre Baccellia,WR,6066,0,0.0,0,0.0,0,5,7,32.0,0,60.0,11.0,3.0,1.945338017307222,8.2,0.0,0,0,0.0,0.0,0.0,0.0,0.0,0,0,0,00-0035876,7233
341,00-0035889,Tommy Townsend,P,2022,0,0.0,0,0.0,0,0,0,0.0,0,0.0,0.0,0.0,0.0,0.0,0.0,0,0,0.0,0.0,0.0,0.0,0.0,0,0,0,00-0035889,
342,00-0035891,Cody White,WR,2022,0,0.0,0,0.0,0,1,1,2.0,0,0.0,2.0,0.0,-0.4159273165278137,1.2,0.0,0,0,0.0,0.0,0.0,0.0,0.0,0,0,0,00-0035891,7039
343,00-0035939,Bryce Perkins,QB,8088,18,92.0,0,6.0,0,0,0,0.0,0,0.0,0.0,0.0,0.0,15.640000000000002,2.0,0,0,0.0,0.0,0.0,0.0,161.0,1,0,0,00-0035939,7335
344,00-0035956,Giovanni Ricci,TE,10110,0,0.0,0,0.0,0,7,8,68.0,0,27.0,48.0,2.0,0.968247918413732,13.8,0.0,0,0,0.0,0.0,0.0,0.0,0.0,0,0,0,00-0035956,7216
345,00-0035973,Patrick Taylor,RB,2022,1,6.0,0,1.0,0,0,0,0.0,0,0.0,0.0,0.0,0.0,0.6000000000000001,0.0,0,0,0.0,0.0,0.0,0.0,0.0,0,0,0,00-0035973,6963
346,00-0035993,Tyler Huntley,QB,4044,19,72.0,1,6.0,0,0,0,0.0,0,0.0,0.0,0.0,0.0,22.200000000000003,1.0,0,0,1.0,0.0,0.0,0.0,275.0,0,0,0,00-0035993,7083
347,00-0036005,Noah Togiai,TE,2022,0,0.0,0,0.0,0,0,1,0.0,0,4.0,0.0,0.0,-0.6405635392293334,0.0,0.0,0,0,0.0,0.0,0.0,0.0,0.0,0,0,0,00-0036005,7404
348,00-0036020,Salvon Ahmed,RB,6066,5,14.0,0,1.0,0,0,0,0.0,0,0.0,0.0,0.0,0.0,1.4000000000000001,0.0,0,0,0.0,0.0,0.0,0.0,0.0,0,0,0,00-0036020,6918
349,00-0036032,Sean McKeon,TE,4044,0,0.0,0,0.0,0,2,3,11.0,0,1.0,7.0,1.0,0.15023799089249223,3.1,0.0,0,0,0.0,0.0,0.0,0.0,0.0,0,0,0,00-0036032,6964
350,00-0036040,Juwan Johnson,TE,24264,0,0.0,0,0.0,0,31,49,349.0,5,420.0,124.0,15.0,9.421638060909387,95.9,0.0,0,0,0.0,0.0,0.0,0.0,0.0,0,0,0,00-0036040,7002
351,00-0036096,J.J. Taylor,RB,2022,10,9.0,0,0.0,0,1,1,8.0,0,3.0,5.0,0.0,0.8876697216182947,2.7,0.0,0,0,0.0,0.0,0.0,0.0,0.0,0,0,0,00-0036096,
352,00-0036133,James Proche,WR,10110,0,0.0,0,0.0,0,8,12,62.0,0,78.0,16.0,3.0,-1.405633794842288,12.200000000000001,1.0,0,0,0.0,0.0,0.0,0.0,0.0,0,0,0,00-0036133,6957
353,00-0036145,Lawrence Cager,TE,10110,0,0.0,0,0.0,0,5,9,49.0,1,68.0,36.0,3.0,-8.756780484225601,15.9,0.0,0,0,0.0,0.0,0.0,0.0,0.0,0,0,0,00-0036145,7106
354,00-0036158,J.K. Dobbins,RB,10110,50,243.0,2,15.0,0,6,6,39.0,1,3.0,36.0,3.0,1.6661835570121184,52.2,0.0,0,0,0.0,0.0,0.0,0.0,0.0,0,0,0,00-0036158,6806
355,00-0036165,Isaiah Hodgins,WR,12132,0,0.0,0,0.0,0,21,27,224.0,2,272.0,57.0,14.0,8.390544821653748,55.400000000000006,0.0,0,0,0.0,0.0,1.0,1.0,0.0,0,0,1,00-0036165,6920
356,00-0036176,Mason Kinsey,WR,2022,0,0.0,0,0.0,0,1,1,3.0,0,3.0,0.0,0.0,0.004852446261793375,1.3,0.0,0,0,0.0,0.0,0.0,0.0,0.0,0,0,0,00-0036176,7436
357,00-0036182,Nick Westbrook-Ikhine,WR,22242,0,0.0,0,0.0,0,22,41,370.0,3,537.0,104.0,17.0,7.236805569996871,77.0,0.0,0,0,0.0,0.0,0.0,0.0,0.0,0,0,0,00-0036182,7496
358,00-0036187,Reggie Gilliam,FB,6066,0,0.0,0,0.0,0,7,9,57.0,1,56.0,44.0,3.0,3.0676668639061972,18.7,0.0,0,0,0.0,0.0,0.0,0.0,0.0,0,0,0,00-0036187,7204
359,00-0036194,Devin Asiasi,TE,4044,0,0.0,0,0.0,0,0,2,0.0,0,54.0,0.0,0.0,-0.9422734071267769,0.0,0.0,0,0,0.0,0.0,0.0,0.0,0.0,0,0,0,00-0036194,6956
360,00-0036196,Gabe Davis,WR,24264,0,0.0,0,0.0,0,38,71,696.0,6,1077.0,140.0,29.0,17.473888521183987,143.6,0.0,0,0,0.0,0.0,0.0,0.0,0.0,0,0,0,00-0036196,6943
361,00-0036212,Tua Tagovailoa,QB,22242,22,63.0,0,4.0,0,0,0,0.0,0,0.0,0.0,0.0,0.0,202.46,5.0,2,1,1.0,0.0,0.0,0.0,3004.0,22,0,0,00-0036212,6768
362,00-0036219,Marquez Callaway,WR,18198,0,0.0,0,0.0,0,16,31,158.0,1,363.0,35.0,11.0,-5.768205107430354,37.800000000000004,0.0,0,0,0.0,0.0,0.0,0.0,0.0,0,0,0,00-0036219,6989
363,00-0036223,Jonathan Taylor,RB,20220,192,861.0,4,39.0,0,27,39,130.0,0,-63.0,185.0,4.0,-17.328657552197992,144.1,0.0,0,0,3.0,3.0,0.0,0.0,0.0,0,0,0,00-0036223,6813
364,00-0036226,Jacob Eason,QB,2022,0,0.0,0,0.0,0,0,0,0.0,0,0.0,0.0,0.0,0.0,0.3599999999999999,1.0,0,0,0.0,0.0,0.0,0.0,59.0,0,0,0,00-0036226,
365,00-0036228,Dezmon Patmon,WR,2022,0,0.0,0,0.0,0,2,6,24.0,0,73.0,7.0,1.0,-7.643115597777069,4.4,0.0,0,0,0.0,0.0,0.0,0.0,0.0,0,0,0,00-0036228,6985
366,00-0036232,Harrison Bryant,TE,22242,1,8.0,0,1.0,0,25,35,193.0,1,215.0,89.0,10.0,2.0894619828424057,51.1,0.0,0,0,0.0,0.0,0.0,0.0,0.0,0,0,0,00-0036232,6850
367,00-0036233,Donovan Peoples-Jones,WR,26286,1,2.0,0,0.0,0,53,80,751.0,1,958.0,145.0,29.0,17.50378669543831,138.3,0.0,0,0,0.0,0.0,1.0,1.0,0.0,0,0,0,00-0036233,6824
368,00-0036244,Colby Parkinson,TE,20220,0,0.0,0,0.0,0,15,19,194.0,1,135.0,111.0,9.0,7.718563301488757,40.400000000000006,0.0,0,0,0.0,0.0,0.0,0.0,0.0,0,0,0,00-0036244,6865
369,00-0036250,Tyler Davis,TE,10110,0,0.0,0,0.0,0,4,7,26.0,0,27.0,27.0,1.0,-6.4450322380289435,6.6,0.0,0,0,0.0,0.0,0.0,0.0,0.0,0,0,0,00-0036250,7131
370,00-0036251,Zack Moss,RB,18198,24,122.0,0,4.0,0,7,8,27.0,0,-5.0,29.0,1.0,-3.666988941375166,19.9,0.0,0,0,1.0,1.0,0.0,0.0,0.0,0,0,0,00-0036251,6845
371,00-0036252,Michael Pittman,WR,24264,0,0.0,0,0.0,0,76,107,755.0,2,693.0,297.0,40.0,19.173309386829246,161.5,0.0,0,0,0.0,0.0,2.0,1.0,0.0,0,0,0,00-0036252,6819
372,00-0036255,Denzel Mims,WR,14154,0,0.0,0,0.0,0,10,22,173.0,0,274.0,72.0,6.0,1.6376950068040856,27.300000000000004,0.0,0,0,0.0,0.0,0.0,0.0,0.0,0,0,0,00-0036255,6849
373,00-0036259,Jauan Jennings,WR,24264,0,0.0,0,0.0,0,27,43,308.0,1,323.0,149.0,19.0,10.27849673241144,63.8,0.0,0,0,0.0,0.0,1.0,0.0,0.0,0,0,0,00-0036259,7049
374,00-0036261,Brandon Aiyuk,WR,26286,1,7.0,0,0.0,0,58,86,755.0,7,829.0,308.0,33.0,32.809622508272184,174.20000000000002,0.0,0,0,0.0,0.0,1.0,1.0,0.0,0,0,0,00-0036261,6803
375,00-0036264,Jordan Love,QB,6066,0,0.0,0,0.0,0,0,0,0.0,0,0.0,0.0,0.0,0.0,11.44,0.0,0,0,0.0,0.0,0.0,0.0,186.0,1,0,0,00-0036264,6804
376,00-0036265,A.J. Dillon,RB,26286,143,624.0,3,35.0,0,23,33,159.0,0,13.0,150.0,7.0,-4.104950899129913,119.30000000000001,0.0,0,0,0.0,0.0,1.0,0.0,0.0,0,0,0,00-0036265,6828
377,00-0036268,Laviska Shenault,WR,18198,7,57.0,1,1.0,0,21,24,198.0,1,-22.0,233.0,7.0,9.401358185103163,58.5,0.0,0,0,0.0,0.0,0.0,0.0,0.0,0,0,0,00-0036268,6814
378,00-0036271,Quez Watkins,WR,24264,1,-3.0,0,0.0,0,26,35,315.0,3,336.0,121.0,11.0,5.398123555859197,73.2,0.0,0,0,0.0,0.0,1.0,1.0,0.0,0,0,0,00-0036271,6927
379,00-0036275,D'Andre Swift,RB,20220,70,375.0,4,14.0,1,31,45,253.0,2,22.0,300.0,13.0,6.544478336141894,131.8,0.0,0,0,0.0,0.0,1.0,0.0,0.0,0,0,0,00-0036275,6790
380,00-0036277,Quintez Cephus,WR,2022,0,0.0,0,0.0,0,2,3,15.0,0,14.0,4.0,1.0,2.9725595135823824,3.5,0.0,0,0,0.0,0.0,0.0,0.0,0.0,0,0,0,00-0036277,6895
381,00-0036290,Cole Kmet,TE,26286,2,9.0,0,1.0,0,35,50,408.0,5,394.0,174.0,20.0,6.628076159695707,106.69999999999999,0.0,0,0,0.0,0.0,1.0,0.0,0.0,0,0,0,00-0036290,6826
382,00-0036297,Darrynton Evans,RB,4044,12,55.0,0,3.0,0,1,1,33.0,0,2.0,31.0,1.0,2.579272797971498,9.8,0.0,0,0,0.0,0.0,0.0,0.0,0.0,0,0,0,00-0036297,7064
383,00-0036309,Darnell Mooney,WR,22242,1,2.0,0,0.0,0,40,61,493.0,2,731.0,164.0,20.0,15.445919421472997,101.5,0.0,0,0,0.0,0.0,0.0,0.0,0.0,0,0,0,00-0036309,7090
384,00-0036313,Braden Mann,P,4044,0,0.0,0,0.0,0,0,0,0.0,0,0.0,0.0,0.0,0.0,0.68,0.0,1,0,0.0,0.0,0.0,0.0,17.0,0,0,0,00-0036313,
385,00-0036322,Justin Jefferson,WR,26286,4,24.0,1,2.0,0,99,142,1500.0,6,1505.0,498.0,62.0,67.64430833752316,296.76,0.0,0,0,0.0,0.0,0.0,0.0,34.0,0,0,1,00-0036322,6794
386,00-0036326,Chase Claypool,WR,26286,9,59.0,0,3.0,0,44,72,422.0,1,658.0,137.0,22.0,-2.9403342492929863,100.14,0.0,0,0,0.0,0.0,1.0,1.0,1.0,1,0,0,00-0036326,6886
387,00-0036328,Antonio Gibson,RB,26286,139,515.0,3,31.0,0,42,51,326.0,2,56.0,270.0,16.0,3.247969864185539,156.1,0.0,0,0,0.0,0.0,0.0,0.0,0.0,0,0,0,00-0036328,6945
388,00-0036329,Ashtyn Davis,SS,2022,1,2.0,0,1.0,0,0,0,0.0,0,0.0,0.0,0.0,0.0,0.2,0.0,0,0,0.0,0.0,0.0,0.0,0.0,0,0,0,00-0036329,
389,00-0036331,Devin Duvernay,WR,26286,12,84.0,1,7.0,0,35,46,378.0,3,429.0,133.0,18.0,17.947590624011355,111.2,0.0,0,0,0.0,0.0,0.0,0.0,0.0,0,0,0,00-0036331,6847
390,00-0036332,Josiah Deguara,TE,14154,0,0.0,0,0.0,0,11,13,106.0,0,44.0,60.0,4.0,3.6279468922293745,21.6,0.0,0,0,0.0,0.0,0.0,0.0,0.0,0,0,0,00-0036332,7050
391,00-0036336,Anthony McFarland,RB,2022,6,30.0,0,3.0,0,2,2,11.0,0,-4.0,15.0,1.0,-0.4527095224475488,6.1000000000000005,0.0,0,0,0.0,0.0,0.0,0.0,0.0,0,0,0,00-0036336,6878
392,00-0036345,K.J. Osborn,WR,26286,3,6.0,0,2.0,0,35,57,300.0,3,483.0,111.0,15.0,-3.167176797557607,83.60000000000001,0.0,0,0,0.0,0.0,0.0,0.0,0.0,0,0,0,00-0036345,7066
393,00-0036355,Justin Herbert,QB,26286,45,143.0,0,14.0,0,2,2,-10.0,0,-15.0,5.0,0.0,-2.787758179299999,231.54000000000002,7.0,4,2,2.0,0.0,0.0,0.0,3706.0,21,1,0,00-0036355,6797
394,00-0036358,CeeDee Lamb,WR,26286,9,46.0,0,3.0,0,74,117,961.0,6,1182.0,348.0,50.0,35.13023428023551,210.70000000000002,0.0,0,0,0.0,0.0,0.0,0.0,0.0,0,0,0,00-0036358,6786
395,00-0036360,Clyde Edwards-Helaire,RB,20220,71,302.0,3,15.0,0,17,23,151.0,3,10.0,144.0,11.0,10.229611164977541,98.3,0.0,0,0,0.0,0.0,0.0,0.0,0.0,0,0,0,00-0036360,6820
396,00-0036365,Bryan Edwards,WR,8088,0,0.0,0,0.0,0,3,5,15.0,0,39.0,9.0,0.0,-5.9509937554339745,4.5,0.0,0,0,0.0,0.0,0.0,0.0,0.0,0,0,0,00-0036365,
397,00-0036370,Joshua Kelley,RB,16176,36,167.0,1,9.0,0,10,16,78.0,0,13.0,81.0,4.0,-1.0162954205297865,40.5,0.0,0,0,0.0,0.0,0.0,0.0,0.0,0,0,0,00-0036370,7045
398,00-0036383,Eno Benjamin,RB,20220,73,300.0,2,14.0,1,24,33,184.0,0,-39.0,222.0,10.0,4.193206166915383,86.4,0.0,0,0,0.0,0.0,0.0,0.0,0.0,0,0,0,00-0036383,6951
399,00-0036387,Jalen Reagor,WR,16176,2,25.0,0,1.0,0,6,9,87.0,1,116.0,27.0,4.0,6.485293023753911,23.200000000000003,0.0,0,0,0.0,0.0,0.0,0.0,0.0,0,0,0,00-0036387,6798
400,00-0036389,Jalen Hurts,QB,26286,139,686.0,10,59.0,1,0,0,0.0,0,0.0,0.0,0.0,0.0,334.88,3.0,4,2,5.0,0.0,0.0,0.0,3157.0,22,0,0,00-0036389,6904
401,00-0036407,Jerry Jeudy,WR,22242,1,1.0,0,1.0,0,42,68,587.0,6,808.0,247.0,27.0,28.798551928000094,136.8,0.0,0,0,0.0,0.0,0.0,0.0,0.0,0,0,0,00-0036407,6783
402,00-0036410,Tee Higgins,WR,22242,0,0.0,0,0.0,0,60,85,861.0,5,910.0,239.0,40.0,46.03116065318331,176.1,0.0,0,0,0.0,0.0,0.0,0.0,0.0,0,0,0,00-0036410,6801
403,00-0036412,K.J. Hamler,WR,12132,2,23.0,0,1.0,0,7,14,165.0,0,367.0,23.0,3.0,-0.5066834155915529,25.8,0.0,0,0,0.0,0.0,0.0,0.0,0.0,0,0,0,00-0036412,6805
404,00-0036414,Cam Akers,RB,22242,113,376.0,4,21.0,0,4,8,19.0,0,40.0,18.0,2.0,0.5289531227608677,63.5,0.0,0,0,2.0,2.0,0.0,0.0,0.0,0,0,0,00-0036414,6938
405,00-0036415,Van Jefferson,WR,12132,0,0.0,0,0.0,0,13,27,180.0,3,419.0,16.0,11.0,-0.27803767973091453,49.0,0.0,0,0,0.0,0.0,0.0,0.0,0.0,0,0,0,00-0036415,6853
406,00-0036422,Adam Trautman,TE,18198,0,0.0,0,0.0,0,16,19,173.0,1,101.0,98.0,7.0,7.1004958597477525,39.3,0.0,0,0,0.0,0.0,0.0,0.0,0.0,0,0,0,00-0036422,6869
407,00-0036423,Albert Okwuegbunam,TE,8088,0,0.0,0,0.0,0,7,11,50.0,0,25.0,39.0,2.0,-2.8349613028694876,12.0,0.0,0,0,0.0,0.0,0.0,0.0,0.0,0,0,0,00-0036423,6843
408,00-0036424,Brycen Hopkins,TE,8088,0,0.0,0,0.0,0,3,6,31.0,0,36.0,17.0,1.0,-4.4872192703565315,6.1000000000000005,0.0,0,0,0.0,0.0,0.0,0.0,0.0,0,0,0,00-0036424,6926
409,00-0036425,DeeJay Dallas,RB,16176,24,104.0,0,5.0,0,7,8,42.0,0,4.0,43.0,2.0,-0.006119402241893113,19.6,1.0,0,0,0.0,0.0,0.0,0.0,0.0,0,0,0,00-0036425,6931
410,00-0036429,Charlie Woerner,TE,4044,0,0.0,0,0.0,0,0,2,0.0,0,43.0,0.0,0.0,-1.4161579795181751,0.0,0.0,0,0,0.0,0.0,0.0,0.0,0.0,0,0,0,00-0036429,7075
411,00-0036438,Stephen Sullivan,TE,6066,0,0.0,0,0.0,0,2,4,46.0,0,48.0,21.0,2.0,1.8732799913268536,6.6000000000000005,0.0,0,0,0.0,0.0,0.0,0.0,0.0,0,0,0,00-0036438,6970
412,00-0036439,Tyrie Cleveland,WR,6066,0,0.0,0,0.0,0,2,7,28.0,0,99.0,17.0,1.0,-4.329919437528258,4.800000000000001,0.0,0,0,0.0,0.0,0.0,0.0,0.0,0,0,0,00-0036439,
413,00-0036442,Joe Burrow,QB,26286,65,234.0,5,24.0,0,0,0,0.0,0,0.0,0.0,0.0,0.0,290.8,9.0,4,2,0.0,0.0,0.0,0.0,3685.0,27,2,0,00-0036442,6770
414,00-0036450,Ke'Shawn Vaughn,RB,6066,8,21.0,0,1.0,0,1,2,11.0,0,-2.0,12.0,1.0,0.6767641033256868,4.199999999999999,0.0,0,0,0.0,0.0,0.0,0.0,0.0,0,0,0,00-0036450,6885
415,00-0036482,Mike Strachan,WR,8088,0,0.0,0,0.0,0,3,8,59.0,0,95.0,13.0,3.0,-2.101225754877546,8.9,0.0,0,0,0.0,0.0,0.0,0.0,0.0,0,0,0,00-0036482,7944
416,00-0036493,Deon Jackson,RB,16176,44,136.0,1,9.0,0,20,22,124.0,0,-17.0,139.0,5.0,-3.6501431016949937,52.0,0.0,0,0,0.0,0.0,0.0,0.0,0.0,0,0,0,00-0036493,7551
417,00-0036497,Tim Jones,WR,8088,0,0.0,0,0.0,0,3,4,30.0,0,7.0,21.0,1.0,1.1887424494489096,6.0,0.0,0,0,0.0,0.0,0.0,0.0,0.0,0,0,0,00-0036497,8013
418,00-0036527,D.J. Turner,WR,4044,4,26.0,0,1.0,0,0,1,0.0,0,-3.0,0.0,0.0,-0.8949172320490386,2.6,0.0,0,0,0.0,0.0,0.0,0.0,0.0,0,0,0,00-0036527,7989
419,00-0036534,Shane Zylstra,TE,8088,0,0.0,0,0.0,0,4,5,23.0,1,40.0,1.0,2.0,1.3501543683814816,12.299999999999999,0.0,0,0,0.0,0.0,0.0,0.0,0.0,0,0,0,00-0036534,8041
420,00-0036543,Spencer Brown,RB,4044,9,43.0,0,1.0,0,2,4,10.0,0,35.0,12.0,0.0,-2.3898130847373977,7.3,0.0,0,0,0.0,0.0,0.0,0.0,0.0,0,0,0,00-0036543,7867
421,00-0036550,Rashod Bateman,WR,12132,0,0.0,0,0.0,0,15,28,285.0,2,374.0,133.0,7.0,2.6476170575045193,53.5,0.0,0,0,0.0,0.0,1.0,1.0,0.0,0,0,0,00-0036550,7571
422,00-0036554,Nico Collins,WR,20220,0,0.0,0,0.0,0,37,66,481.0,2,744.0,163.0,21.0,-1.3270556627888639,97.10000000000001,0.0,0,0,0.0,0.0,0.0,0.0,0.0,0,0,0,00-0036554,7569
423,00-0036555,Chuba Hubbard,RB,16176,55,250.0,2,17.0,0,8,10,61.0,0,6.0,58.0,3.0,-2.331870565623501,51.1,0.0,0,0,0.0,0.0,0.0,0.0,0.0,0,0,0,00-0036555,7594
424,00-0036556,Brevin Jordan,TE,12132,0,0.0,0,0.0,0,10,22,78.0,0,140.0,55.0,4.0,-16.9837687252746,17.8,0.0,0,0,0.0,0.0,0.0,0.0,0.0,0,0,0,00-0036556,7568
425,00-0036567,Elijah Mitchell,RB,8088,40,224.0,0,11.0,0,3,4,7.0,0,-7.0,16.0,0.0,-2.0129036577418447,26.1,0.0,0,0,0.0,0.0,0.0,0.0,0.0,0,0,0,00-0036567,7561
426,00-0036569,Gary Brightwell,RB,10110,14,73.0,1,5.0,0,4,5,36.0,0,3.0,33.0,4.0,2.4878728193580173,20.900000000000002,0.0,0,0,0.0,0.0,0.0,0.0,0.0,0,0,0,00-0036569,7529
427,00-0036572,Shi Smith,WR,22242,0,0.0,0,0.0,0,16,31,185.0,1,250.0,68.0,9.0,-12.794819236565864,38.5,0.0,0,0,0.0,0.0,1.0,1.0,0.0,0,0,0,00-0036572,7603
428,00-0036590,Quintin Morris,TE,10110,0,0.0,0,0.0,0,7,10,70.0,0,68.0,33.0,5.0,-2.001391872644264,12.0,0.0,0,0,0.0,0.0,1.0,1.0,0.0,0,0,0,00-0036590,7536
429,00-0036613,Jaylen Waddle,WR,26286,2,17.0,0,0.0,0,59,94,1003.0,6,1149.0,342.0,49.0,56.875848536384005,195.0,0.0,0,0,0.0,0.0,1.0,1.0,0.0,0,0,0,00-0036613,7526
430,00-0036620,D'Wayne Eskridge,WR,16176,2,10.0,0,0.0,0,7,13,58.0,0,54.0,46.0,4.0,-1.964823661281784,13.8,0.0,0,0,0.0,0.0,0.0,0.0,0.0,0,0,0,00-0036620,7612
431,00-0036626,Dyami Brown,WR,12132,0,0.0,0,0.0,0,5,12,143.0,2,267.0,31.0,5.0,6.1753976795007475,31.3,0.0,0,0,0.0,0.0,0.0,0.0,0.0,0,0,0,00-0036626,7587
432,00-0036628,John Bates,TE,18198,0,0.0,0,0.0,0,14,22,108.0,1,114.0,54.0,4.0,-2.8533656677464023,30.8,0.0,0,0,0.0,0.0,1.0,0.0,0.0,0,0,0,00-0036628,7716
433,00-0036630,Tylan Wallace,WR,8088,0,0.0,0,0.0,0,3,6,21.0,0,87.0,4.0,0.0,-3.723437585053034,5.1,0.0,0,0,0.0,0.0,0.0,0.0,0.0,0,0,0,00-0036630,7595
434,00-0036635,Ihmir Smith-Marsette,WR,6066,1,-1.0,0,0.0,0,1,4,15.0,0,28.0,5.0,0.0,-8.025093835021835,0.4,0.0,0,0,0.0,0.0,1.0,1.0,0.0,0,0,0,00-0036635,
435,00-0036637,Noah Gray,TE,26286,1,1.0,1,1.0,0,22,28,234.0,1,171.0,116.0,11.0,8.804296841321047,57.5,0.0,0,0,0.0,0.0,0.0,0.0,0.0,0,0,0,00-0036637,7828
436,00-0036646,Simi Fehoko,WR,4044,0,0.0,0,0.0,0,3,4,24.0,0,51.0,10.0,1.0,-1.1463221836526871,5.4,0.0,0,0,0.0,0.0,0.0,0.0,0.0,0,0,0,00-0036646,7812
437,00-0036652,Racey McMath,WR,2022,0,0.0,0,0.0,0,0,4,0.0,0,107.0,0.0,0.0,-4.94682862283662,0.0,0.0,0,0,0.0,0.0,0.0,0.0,0.0,0,0,0,00-0036652,7793
438,00-0036654,Demetric Felton,RB,6066,1,-4.0,0,0.0,0,1,3,3.0,0,16.0,6.0,0.0,-1.5217328791040927,0.9,0.0,0,0,0.0,0.0,0.0,0.0,0.0,0,0,0,00-0036654,7609
439,00-0036669,Kylin Hill,RB,2022,1,7.0,0,1.0,0,0,0,0.0,0,0.0,0.0,0.0,0.0,0.7000000000000001,0.0,0,0,0.0,0.0,0.0,0.0,0.0,0,0,0,00-0036669,
440,00-0036671,Dax Milne,WR,14154,0,0.0,0,0.0,0,6,7,37.0,1,38.0,13.0,2.0,2.4906449001282454,15.7,0.0,0,0,0.0,0.0,0.0,0.0,0.0,0,0,0,00-0036671,7751
441,00-0036692,Miller Forristall,TE,2022,0,0.0,0,0.0,0,0,1,0.0,0,5.0,0.0,0.0,-0.5086181706283242,0.0,0.0,0,0,0.0,0.0,0.0,0.0,0.0,0,0,0,00-0036692,7854
442,00-0036727,Adam Prentice,FB,4044,1,2.0,0,1.0,0,1,1,2.0,0,3.0,-1.0,0.0,-0.5111973118036985,1.4,0.0,0,0,0.0,0.0,1.0,0.0,0.0,0,0,0,00-0036727,8025
443,00-0036741,Jack Stoll,TE,16176,0,0.0,0,0.0,0,10,13,117.0,0,85.0,48.0,5.0,7.6657127052603755,21.700000000000003,0.0,0,0,0.0,0.0,0.0,0.0,0.0,0,0,0,00-0036741,7946
444,00-0036754,Brock Wright,TE,18198,0,0.0,0,0.0,0,13,16,141.0,1,35.0,101.0,9.0,10.881860422872705,33.1,0.0,0,0,0.0,0.0,0.0,0.0,0.0,0,0,0,00-0036754,7891
445,00-0036825,Feleipe Franks,TE,2022,0,0.0,0,0.0,0,0,2,0.0,0,56.0,0.0,0.0,-1.094847114291042,0.0,0.0,0,0,0.0,0.0,0.0,0.0,0.0,0,0,0,00-0036825,7531
446,00-0036829,Caleb Huntley,RB,22242,75,364.0,1,18.0,0,2,2,3.0,0,-6.0,9.0,0.0,-0.7645436585880816,44.7,0.0,0,0,1.0,0.0,0.0,0.0,0.0,0,0,0,00-0036829,7741
447,00-0036841,Austin Trammell,WR,4044,0,0.0,0,0.0,0,2,4,13.0,0,30.0,0.0,1.0,0.3555282881716266,3.3,0.0,0,0,0.0,0.0,0.0,0.0,0.0,0,0,0,00-0036841,7746
448,00-0036842,Kene Nwangwu,RB,4044,4,1.0,0,0.0,0,1,1,5.0,0,3.0,2.0,0.0,-0.007714778883382678,7.6,0.0,0,0,0.0,0.0,0.0,0.0,0.0,0,0,0,00-0036842,7720
449,00-0036849,Tutu Atwell,WR,16176,7,27.0,0,1.0,0,11,21,237.0,1,448.0,46.0,8.0,5.358871964916629,43.400000000000006,0.0,0,0,0.0,0.0,0.0,0.0,0.0,0,0,0,00-0036849,7562
450,00-0036857,Chris Evans,RB,8088,0,0.0,0,0.0,0,3,4,38.0,1,55.0,8.0,2.0,2.309825017233379,12.8,0.0,0,0,0.0,0.0,0.0,0.0,0.0,0,0,0,00-0036857,7794
451,00-0036858,Jalen Camp,WR,2022,0,0.0,0,0.0,0,1,1,7.0,0,7.0,0.0,1.0,0.5108519167988561,1.7000000000000002,0.0,0,0,0.0,0.0,0.0,0.0,0.0,0,0,0,00-0036858,7789
452,00-0036862,Ben Skowronek,WR,26286,1,17.0,1,1.0,0,38,58,373.0,0,456.0,134.0,16.0,-2.4209985896595754,83.0,0.0,0,0,0.0,0.0,0.0,0.0,0.0,0,0,0,00-0036862,7757
453,00-0036875,Rhamondre Stevenson,RB,26286,164,742.0,4,39.0,0,58,70,385.0,1,-13.0,432.0,13.0,-2.378339059601881,200.70000000000002,0.0,0,0,0.0,0.0,1.0,0.0,0.0,0,0,0,00-0036875,7611
454,00-0036876,Kylen Granson,TE,24264,1,0.0,0,0.0,0,29,38,268.0,0,227.0,125.0,16.0,-2.1846692527795604,55.8,0.0,0,0,0.0,0.0,1.0,0.0,0.0,0,0,0,00-0036876,7602
455,00-0036877,Jaelon Darden,WR,6066,1,2.0,0,0.0,0,2,2,26.0,0,10.0,16.0,1.0,0.8616639436222613,4.800000000000001,0.0,0,0,0.0,0.0,0.0,0.0,0.0,0,0,0,00-0036877,
456,00-0036879,Sam Ehlinger,QB,4044,11,54.0,0,3.0,0,0,0,0.0,0,0.0,0.0,0.0,0.0,13.560000000000002,1.0,1,1,0.0,0.0,0.0,0.0,304.0,0,0,0,00-0036879,7583
457,00-0036880,Penei Sewell,T,2022,0,0.0,0,0.0,0,1,1,9.0,0,3.0,6.0,1.0,1.0604486900265329,1.9,0.0,0,0,0.0,0.0,0.0,0.0,0.0,0,0,0,00-0036880,
458,00-0036887,Luke Farrell,TE,6066,0,0.0,0,0.0,0,3,3,29.0,0,3.0,26.0,2.0,-1.3469911020365544,5.9,0.0,0,0,0.0,0.0,0.0,0.0,0.0,0,0,0,00-0036887,7842
459,00-0036893,Najee Harris,RB,26286,187,704.0,5,29.0,0,32,40,165.0,2,64.0,160.0,12.0,-0.6330978980164159,159.06,0.0,0,0,1.0,0.0,1.0,1.0,4.0,0,0,0,00-0036893,7528
460,00-0036894,Pat Freiermuth,TE,24264,0,0.0,0,0.0,0,53,82,630.0,2,718.0,242.0,32.0,8.128246209952293,128.0,0.0,0,0,0.0,0.0,0.0,0.0,0.0,0,0,0,00-0036894,7600
461,00-0036898,Davis Mills,QB,22242,18,40.0,1,4.0,0,0,0,0.0,0,0.0,0.0,0.0,0.0,120.76,12.0,4,1,0.0,0.0,0.0,0.0,2319.0,11,0,0,00-0036898,7585
462,00-0036900,Ja'Marr Chase,WR,18198,5,8.0,0,0.0,0,64,97,821.0,7,850.0,348.0,45.0,37.450897670866475,186.9,0.0,0,0,0.0,0.0,1.0,1.0,0.0,0,0,0,00-0036900,7564
463,00-0036906,Khalil Herbert,RB,20220,108,643.0,4,22.0,0,6,7,62.0,1,-14.0,73.0,2.0,4.231965453538578,106.5,0.0,0,0,0.0,0.0,0.0,0.0,0.0,0,0,0,00-0036906,7608
464,00-0036912,DeVonta Smith,WR,26286,0,0.0,0,0.0,0,66,95,775.0,5,883.0,308.0,37.0,37.76496965643004,171.5,0.0,0,0,0.0,0.0,1.0,1.0,0.0,0,0,0,00-0036912,7525
465,00-0036913,Kadarius Toney,WR,10110,4,56.0,0,2.0,0,8,11,69.0,1,30.0,47.0,4.0,1.9071655168081634,26.5,0.0,0,0,0.0,0.0,0.0,0.0,0.0,0,0,0,00-0036913,7606
466,00-0036918,Jacob Harris,WR,2022,0,0.0,0,0.0,0,1,1,6.0,0,4.0,2.0,1.0,2.770695556886494,1.6,0.0,0,0,0.0,0.0,0.0,0.0,0.0,0,0,0,00-0036918,7703
467,00-0036919,Kenneth Gainwell,RB,26286,41,183.0,4,13.0,0,14,20,95.0,0,29.0,78.0,5.0,-6.85003214282915,65.8,0.0,0,0,0.0,0.0,0.0,0.0,0.0,0,0,0,00-0036919,7567
468,00-0036924,Michael Carter,RB,24264,104,375.0,3,13.0,0,31,42,224.0,0,9.0,230.0,9.0,-3.787242816586513,106.9,0.0,0,0,1.0,1.0,0.0,0.0,0.0,0,0,0,00-0036924,7607
469,00-0036936,Rondale Moore,WR,16176,6,-5.0,0,1.0,0,41,56,414.0,1,309.0,281.0,16.0,11.375221044392879,87.9,0.0,0,0,0.0,0.0,0.0,0.0,0.0,0,0,0,00-0036936,7601
470,00-0036945,Justin Fields,QB,24264,128,905.0,8,57.0,0,0,0,0.0,0,0.0,0.0,0.0,0.0,246.34,10.0,5,1,7.0,0.0,0.0,0.0,1896.0,13,1,0,00-0036945,7591
471,00-0036950,Avery Williams,RB,20220,14,83.0,1,4.0,0,8,9,35.0,0,-22.0,54.0,1.0,-2.7985829898033088,25.8,0.0,0,0,0.0,0.0,0.0,0.0,0.0,0,0,0,00-0036950,7809
472,00-0036955,Terrace Marshall,WR,18198,0,0.0,0,0.0,0,19,35,346.0,1,436.0,104.0,17.0,15.424651448012963,59.6,0.0,0,0,0.0,0.0,0.0,0.0,0.0,0,0,0,00-0036955,7565
473,00-0036959,Michael Bandy,WR,14154,0,0.0,0,0.0,0,10,21,89.0,0,173.0,25.0,5.0,-2.3061191533342935,18.9,0.0,0,0,0.0,0.0,0.0,0.0,0.0,0,0,0,00-0036959,8076
474,00-0036963,Amon-Ra St. Brown,WR,24264,7,89.0,0,3.0,0,82,109,898.0,6,695.0,412.0,50.0,42.65789741523908,216.70000000000002,0.0,0,0,0.0,0.0,0.0,0.0,0.0,0,0,0,00-0036963,7547
475,00-0036970,Kyle Pitts,TE,20220,0,0.0,0,0.0,0,28,59,356.0,2,816.0,126.0,20.0,3.3775945608854245,75.6,0.0,0,0,0.0,0.0,0.0,0.0,0.0,0,0,0,00-0036970,7553
476,00-0036971,Trevor Lawrence,QB,26286,46,218.0,4,18.0,0,0,0,0.0,0,0.0,0.0,0.0,0.0,235.88,6.0,6,4,2.0,2.0,0.0,0.0,3202.0,20,3,0,00-0036971,7523
477,00-0036972,Mac Jones,QB,20220,35,87.0,1,9.0,0,0,0,0.0,0,0.0,0.0,0.0,0.0,112.62,8.0,3,1,2.0,0.0,0.0,0.0,2198.0,7,0,0,00-0036972,7527
478,00-0036973,Travis Etienne,RB,26286,163,814.0,4,40.0,1,25,34,214.0,0,4.0,252.0,11.0,0.9989688055501569,147.8,0.0,0,0,2.0,2.0,2.0,1.0,0.0,0,0,0,00-0036973,7543
479,00-0036980,Elijah Moore,WR,20220,4,2.0,0,1.0,0,28,52,351.0,1,669.0,78.0,17.0,3.696230955237472,69.3,0.0,0,0,0.0,0.0,0.0,0.0,0.0,0,0,0,00-0036980,7596
480,00-0036984,Trey Sermon,RB,2022,2,19.0,0,2.0,0,0,0,0.0,0,0.0,0.0,0.0,0.0,1.9000000000000001,0.0,0,0,0.0,0.0,0.0,0.0,0.0,0,0,0,00-0036984,7593
481,00-0036988,Josh Palmer,WR,24264,1,4.0,0,1.0,0,61,92,665.0,3,789.0,205.0,35.0,19.487684527235153,145.9,0.0,0,0,0.0,0.0,1.0,0.0,0.0,0,0,0,00-0036988,7670
482,00-0036991,Amari Rodgers,WR,10110,1,3.0,0,0.0,0,8,13,107.0,1,132.0,25.0,8.0,2.3616100110230036,25.0,0.0,0,0,0.0,0.0,1.0,0.0,0.0,0,0,0,00-0036991,7540
483,00-0036997,Javonte Williams,RB,8088,47,204.0,0,9.0,0,16,22,76.0,0,-24.0,118.0,4.0,-5.462751143822938,42.0,0.0,0,0,1.0,1.0,0.0,0.0,0.0,0,0,0,00-0036997,7588
484,00-0036999,Anthony Schwartz,WR,12132,4,57.0,1,2.0,0,4,10,51.0,0,142.0,27.0,2.0,-7.990639030584134,18.8,0.0,0,0,0.0,0.0,1.0,1.0,0.0,0,0,0,00-0036999,7533
485,00-0037005,Tommy Tremble,TE,20220,0,0.0,0,0.0,0,11,23,101.0,2,197.0,29.0,4.0,-7.506403468851483,33.1,0.0,0,0,0.0,0.0,0.0,0.0,0.0,0,0,0,00-0037005,7694
486,00-0037011,Tre' McKitty,TE,12132,0,0.0,0,0.0,0,9,15,62.0,0,48.0,43.0,0.0,-3.5155380588257685,15.200000000000001,0.0,0,0,0.0,0.0,1.0,0.0,0.0,0,0,0,00-0037011,7554
487,00-0037012,Trey Lance,QB,4044,16,67.0,0,7.0,0,0,0,0.0,0,0.0,0.0,0.0,0.0,12.46,1.0,0,0,1.0,0.0,0.0,0.0,194.0,0,0,0,00-0037012,7610
488,00-0037013,Zach Wilson,QB,14154,24,94.0,1,6.0,0,1,1,2.0,1,2.0,0.0,1.0,1.1844526951317675,77.76,5.0,1,1,0.0,0.0,0.0,0.0,1279.0,4,0,0,00-0037013,7538
489,00-0037055,Lance McCutcheon,WR,2022,0,0.0,0,0.0,0,0,4,0.0,0,43.0,0.0,0.0,-2.4406294263899326,0.0,0.0,0,0,0.0,0.0,0.0,0.0,0.0,0,0,0,00-0037055,8745
490,00-0037078,Cole Turner,TE,10110,0,0.0,0,0.0,0,2,9,23.0,0,68.0,7.0,1.0,-6.749382402018107,4.300000000000001,0.0,0,0,0.0,0.0,0.0,0.0,0.0,0,0,0,00-0037078,8214
491,00-0037086,Grant Calcaterra,TE,8088,0,0.0,0,0.0,0,5,7,81.0,0,57.0,41.0,3.0,3.208532169080557,13.100000000000001,0.0,0,0,0.0,0.0,0.0,0.0,0.0,0,0,0,00-0037086,8177
492,00-0037087,Trestan Ebner,RB,10110,24,54.0,0,2.0,0,1,4,6.0,0,8.0,0.0,0.0,-2.096680666706025,7.0,0.0,0,0,0.0,0.0,0.0,0.0,0.0,0,0,0,00-0037087,8189
493,00-0037098,Samori Toure,WR,8088,0,0.0,0,0.0,0,5,10,82.0,1,174.0,11.0,2.0,3.206173419358109,19.2,0.0,0,0,0.0,0.0,1.0,0.0,0.0,0,0,0,00-0037098,8235
494,00-0037112,Jake Tonges,TE,2022,0,0.0,0,0.0,0,0,1,0.0,0,13.0,0.0,0.0,-0.568823910318315,0.0,0.0,0,0,0.0,0.0,0.0,0.0,0.0,0,0,0,00-0037112,
495,00-0037157,Zonovan Knight,RB,6066,46,230.0,1,12.0,0,10,10,68.0,0,-32.0,100.0,3.0,2.3865959754912183,45.8,0.0,0,0,0.0,0.0,1.0,0.0,0.0,0,0,0,00-0037157,8122
496,00-0037168,Armani Rogers,TE,8088,1,24.0,0,1.0,0,5,6,64.0,0,13.0,57.0,4.0,3.6208556117489934,13.8,0.0,0,0,0.0,0.0,0.0,0.0,0.0,0,0,0,00-0037168,8665
497,00-0037175,Anthony Brown,QB,2022,3,-5.0,0,0.0,0,0,0,0.0,0,0.0,0.0,0.0,0.0,0.14,0.0,0,0,0.0,0.0,0.0,0.0,16.0,0,0,0,00-0037175,
498,00-0037197,Isiah Pacheco,RB,26286,124,591.0,3,24.0,0,9,9,69.0,0,-20.0,89.0,4.0,1.7241051010787487,91.0,0.0,0,0,2.0,1.0,0.0,0.0,0.0,0,0,0,00-0037197,8205
499,00-0037228,Jaylen Warren,RB,24264,42,206.0,0,12.0,0,20,23,167.0,0,-9.0,176.0,8.0,6.230277680812085,57.3,0.0,0,0,1.0,0.0,0.0,0.0,0.0,0,0,0,00-0037228,8228
500,00-0037238,Drake London,WR,26286,0,0.0,0,0.0,0,47,81,533.0,4,822.0,150.0,31.0,-2.248402000327581,124.3,0.0,0,0,0.0,0.0,1.0,1.0,0.0,0,0,1,00-0037238,8112
501,00-0037239,Chris Olave,WR,24264,0,0.0,0,0.0,0,60,98,887.0,3,1419.0,167.0,41.0,27.68626979331336,166.70000000000002,0.0,0,0,0.0,0.0,1.0,1.0,0.0,0,0,1,00-0037239,8144
502,00-0037240,Jameson Williams,WR,4044,0,0.0,0,0.0,0,1,3,41.0,1,52.0,5.0,1.0,2.616993252071552,11.100000000000001,0.0,0,0,0.0,0.0,0.0,0.0,0.0,0,0,0,00-0037240,8148
503,00-0037247,George Pickens,WR,26286,3,24.0,1,2.0,0,40,64,590.0,2,919.0,85.0,28.0,29.697889908569437,121.4,0.0,0,0,0.0,0.0,0.0,0.0,0.0,0,0,1,00-0037247,8137
504,00-0037248,James Cook,RB,26286,64,329.0,1,14.0,0,16,25,160.0,0,57.0,117.0,4.0,6.651298758431489,68.9,0.0,0,0,1.0,1.0,0.0,0.0,0.0,0,0,0,00-0037248,8138
505,00-0037252,Greg Dulcich,TE,16176,0,0.0,0,0.0,0,28,45,361.0,1,532.0,138.0,15.0,6.91211200846856,70.10000000000001,0.0,0,0,0.0,0.0,0.0,0.0,0.0,0,0,0,00-0037252,8172
506,00-0037253,Marcus Jones,CB,6066,0,0.0,0,0.0,0,3,3,63.0,1,-14.0,77.0,2.0,5.2538275443948805,21.3,0.0,0,0,0.0,0.0,0.0,0.0,0.0,0,0,0,00-0037253,
507,00-0037256,Rachaad White,RB,24264,96,370.0,1,21.0,0,40,47,242.0,1,-12.0,260.0,12.0,4.709607748809503,109.2,0.0,0,0,1.0,1.0,1.0,1.0,0.0,0,0,0,00-0037256,8136
508,00-0037257,David Bell,WR,24264,0,0.0,0,0.0,0,23,31,196.0,0,202.0,69.0,6.0,0.8388995424611494,42.6,0.0,0,0,0.0,0.0,0.0,0.0,0.0,0,0,0,00-0037257,8118
509,00-0037258,Dameon Pierce,RB,26286,220,939.0,4,54.0,0,30,39,165.0,1,-11.0,197.0,7.0,-8.824130490393145,166.4,0.0,0,0,4.0,2.0,0.0,0.0,0.0,0,0,0,00-0037258,8129
510,00-0037261,Khalil Shakir,WR,16176,0,0.0,0,0.0,0,8,17,128.0,1,156.0,68.0,6.0,4.913231225829739,26.8,0.0,0,0,0.0,0.0,0.0,0.0,0.0,0,0,0,00-0037261,8134
511,00-0037263,Tyler Allgeier,RB,24264,131,604.0,1,28.0,0,10,10,87.0,1,-16.0,103.0,5.0,2.8363449110183865,91.1,0.0,0,0,0.0,0.0,0.0,0.0,0.0,0,0,0,00-0037263,8132
512,00-0037265,Snoop Conner,RB,4044,4,17.0,0,0.0,0,0,0,0.0,0,0.0,0.0,0.0,0.0,1.7000000000000002,0.0,0,0,0.0,0.0,0.0,0.0,0.0,0,0,0,00-0037265,8179
513,00-0037267,Jerome Ford,RB,2022,3,3.0,0,0.0,0,0,0,0.0,0,0.0,0.0,0.0,0.0,0.30000000000000004,0.0,0,0,0.0,0.0,0.0,0.0,0.0,0,0,0,00-0037267,8143
514,00-0037272,Montrell Washington,WR,18198,5,30.0,0,0.0,0,4,9,2.0,0,153.0,13.0,0.0,-7.784386477782391,7.2,0.0,0,0,0.0,0.0,0.0,0.0,0.0,0,0,0,00-0037272,8475
515,00-0037273,Kyle Philips,WR,8088,0,0.0,0,0.0,0,8,13,78.0,0,100.0,21.0,3.0,-1.9355736239813268,15.8,0.0,0,0,0.0,0.0,0.0,0.0,0.0,0,0,0,00-0037273,8171
516,00-0037277,Teagan Quitoriano,TE,8088,0,0.0,0,0.0,0,3,7,22.0,1,75.0,13.0,1.0,-3.4749695326318033,11.2,0.0,0,0,0.0,0.0,0.0,0.0,0.0,0,0,0,00-0037277,8227
517,00-0037282,James Mitchell,TE,8088,0,0.0,0,0.0,0,5,5,48.0,1,12.0,36.0,4.0,4.803715034504421,15.8,0.0,0,0,0.0,0.0,0.0,0.0,0.0,0,0,0,00-0037282,8170
518,00-0037286,Kevin Harris,RB,6066,12,30.0,1,1.0,0,0,0,0.0,0,0.0,0.0,0.0,0.0,9.0,0.0,0,0,0.0,0.0,0.0,0.0,0.0,0,0,0,00-0037286,8174
519,00-0037291,Jalen Nailor,WR,4044,0,0.0,0,0.0,0,2,4,28.0,0,32.0,5.0,2.0,2.2087108227424324,4.8,0.0,0,0,0.0,0.0,0.0,0.0,0.0,0,0,0,00-0037291,8180
520,00-0037299,Keaontay Ingram,RB,14154,22,53.0,1,3.0,0,2,2,23.0,0,-4.0,27.0,1.0,1.155369499581866,15.599999999999998,0.0,0,0,0.0,0.0,0.0,0.0,0.0,0,0,0,00-0037299,8221
521,00-0037300,Michael Woods,WR,6066,0,0.0,0,0.0,0,2,6,21.0,0,140.0,8.0,2.0,-6.215278611460235,4.1,0.0,0,0,0.0,0.0,0.0,0.0,0.0,0,0,0,00-0037300,8202
522,00-0037304,Connor Heyward,TE,12132,0,0.0,0,0.0,0,9,10,106.0,1,60.0,48.0,4.0,6.4829843931947835,25.6,0.0,0,0,0.0,0.0,0.0,0.0,0.0,0,0,0,00-0037304,8181
523,00-0037311,Ko Kieft,TE,14154,0,0.0,0,0.0,0,7,9,80.0,1,55.0,31.0,5.0,5.454465665970929,21.0,0.0,0,0,0.0,0.0,0.0,0.0,0.0,0,0,0,00-0037311,8484
524,00-0037327,Skylar Thompson,QB,10110,10,14.0,0,1.0,0,0,0,0.0,0,0.0,0.0,0.0,0.0,4.5200000000000005,2.0,1,1,1.0,1.0,0.0,0.0,278.0,0,0,0,00-0037327,8206
525,00-0037331,Zander Horvath,RB,16176,4,8.0,0,2.0,0,5,8,8.0,2,6.0,1.0,2.0,-0.6216207318939269,18.6,0.0,0,0,0.0,0.0,0.0,0.0,0.0,0,0,0,00-0037331,8428
526,00-0037348,Tanner Conner,WR,4044,0,0.0,0,0.0,0,0,3,0.0,0,20.0,0.0,0.0,-2.6595457083312795,0.0,0.0,0,0,0.0,0.0,0.0,0.0,0.0,0,0,0,00-0037348,8849
527,00-0037355,Braylon Sanders,WR,2022,0,0.0,0,0.0,0,2,2,17.0,0,14.0,3.0,0.0,-5.419790979241952,1.7000000000000002,0.0,0,0,0.0,0.0,1.0,1.0,0.0,0,0,0,00-0037355,8178
528,00-0037382,Brandon Johnson,WR,6066,0,0.0,0,0.0,0,3,10,12.0,1,125.0,6.0,1.0,-13.194941257563187,10.2,0.0,0,0,0.0,0.0,0.0,0.0,0.0,0,0,0,00-0037382,8756
529,00-0037387,Jalen Virgil,WR,6066,0,0.0,0,0.0,0,2,4,75.0,1,63.0,43.0,2.0,6.1649946010438725,15.500000000000002,0.0,0,0,0.0,0.0,0.0,0.0,0.0,0,0,0,00-0037387,8416
530,00-0037429,Raheem Blackshear,RB,14154,19,73.0,2,6.0,0,8,10,82.0,0,-18.0,90.0,2.0,0.04390899295685813,35.5,0.0,0,0,0.0,0.0,0.0,0.0,0.0,0,0,0,00-0037429,8255
531,00-0037456,Troy Hairston,FB,8088,0,0.0,0,0.0,0,3,5,12.0,0,7.0,6.0,0.0,-5.425129919545725,4.2,0.0,0,0,0.0,0.0,0.0,0.0,0.0,0,0,0,00-0037456,8820
532,00-0037475,Stone Smartt,TE,6066,0,0.0,0,0.0,0,4,5,17.0,0,23.0,7.0,1.0,-0.40083158342167735,5.7,0.0,0,0,0.0,0.0,0.0,0.0,0.0,0,0,0,00-0037475,8583
533,00-0037500,Ryan Wright,P,2022,0,0.0,0,0.0,0,0,0,0.0,0,0.0,0.0,0.0,0.0,0.52,0.0,0,0,0.0,0.0,0.0,0.0,13.0,0,0,0,00-0037500,
534,00-0037525,Jordan Mason,RB,10110,29,153.0,0,8.0,0,0,0,0.0,0,0.0,0.0,0.0,0.0,15.3,0.0,0,0,0.0,0.0,0.0,0.0,0.0,0,0,0,00-0037525,8408
535,00-0037545,Rashid Shaheed,WR,14154,3,50.0,1,2.0,0,12,15,239.0,1,237.0,62.0,10.0,17.139070280053836,52.900000000000006,0.0,0,0,0.0,0.0,0.0,0.0,0.0,0,0,0,00-0037545,8676
536,00-0037557,Ronnie Rivers,RB,4044,9,21.0,0,1.0,0,5,5,29.0,0,-26.0,55.0,1.0,-0.3186214500456117,10.0,0.0,0,0,0.0,0.0,0.0,0.0,0.0,0,0,0,00-0037557,8195
537,00-0037563,Malik Davis,RB,8088,23,103.0,1,4.0,0,4,5,40.0,0,-5.0,40.0,3.0,4.12561893221573,24.3,0.0,0,0,0.0,0.0,0.0,0.0,0.0,0,0,0,00-0037563,8800
538,00-0037569,Peyton Hendershot,TE,14154,1,2.0,1,1.0,0,10,14,83.0,1,71.0,47.0,7.0,-2.674408999562729,30.5,0.0,0,0,0.0,0.0,0.0,0.0,0.0,0,0,0,00-0037569,8197
539,00-0037570,Dennis Houston,WR,4044,0,0.0,0,0.0,0,2,6,16.0,0,79.0,6.0,0.0,-5.053622178034857,3.6,0.0,0,0,0.0,0.0,0.0,0.0,0.0,0,0,0,00-0037570,
540,00-0037594,Julius Chestnut,RB,4044,5,13.0,0,1.0,0,2,2,8.0,0,4.0,4.0,0.0,-1.2193703132215887,4.1,0.0,0,0,0.0,0.0,0.0,0.0,0.0,0,0,0,00-0037594,8254
541,00-0037617,Hassan Haskins,RB,6066,10,42.0,0,2.0,0,3,3,7.0,0,-11.0,18.0,0.0,-2.85342755028978,7.9,0.0,0,0,0.0,0.0,0.0,0.0,0.0,0,0,0,00-0037617,8123
542,00-0037664,Alec Pierce,WR,24264,0,0.0,0,0.0,0,32,60,510.0,2,750.0,90.0,23.0,19.858878057520588,95.0,0.0,0,0,0.0,0.0,1.0,0.0,0.0,0,0,0,00-0037664,8142
543,00-0037666,Jalen Tolbert,WR,4044,0,0.0,0,0.0,0,2,3,12.0,0,45.0,2.0,0.0,-0.6873334759147838,3.2,0.0,0,0,0.0,0.0,0.0,0.0,0.0,0,0,0,00-0037666,8117
544,00-0037708,Maurice Alexander,WR,2022,0,0.0,0,0.0,0,1,1,7.0,0,3.0,4.0,0.0,-0.6631927502994128,1.7000000000000002,0.0,0,0,0.0,0.0,0.0,0.0,0.0,0,0,0,00-0037708,8921
545,00-0037740,Garrett Wilson,WR,26286,4,4.0,0,0.0,0,63,101,868.0,4,959.0,341.0,44.0,46.14598784809806,174.2,0.0,0,0,1.0,0.0,0.0,0.0,0.0,0,0,0,00-0037740,8146
546,00-0037741,Jahan Dotson,WR,16176,2,-7.0,0,0.0,0,19,35,233.0,5,471.0,54.0,12.0,8.628464378998615,73.6,0.0,0,0,0.0,0.0,0.0,0.0,0.0,0,0,1,00-0037741,8119
547,00-0037742,Treylon Burks,WR,16176,2,12.0,0,1.0,0,25,37,359.0,1,447.0,116.0,14.0,12.941605041929503,68.1,0.0,0,0,0.0,0.0,0.0,0.0,0.0,0,0,0,00-0037742,8135
548,00-0037744,Trey McBride,TE,10110,0,0.0,0,0.0,0,12,17,74.0,0,81.0,30.0,2.0,-4.893502863589674,19.400000000000002,0.0,0,0,0.0,0.0,1.0,0.0,0.0,0,0,0,00-0037744,8130
549,00-0037745,Velus Jones,WR,10110,6,48.0,0,3.0,0,3,5,24.0,1,33.0,33.0,2.0,2.0789194187964313,16.2,0.0,0,0,0.0,0.0,0.0,0.0,0.0,0,0,0,00-0037745,8223
550,00-0037746,Brian Robinson,RB,18198,147,563.0,2,38.0,0,8,9,42.0,1,-12.0,56.0,2.0,1.752707893436309,86.5,0.0,0,0,1.0,0.0,0.0,0.0,0.0,0,0,0,00-0037746,8154
551,00-0037755,Jelani Woods,TE,16176,0,0.0,0,0.0,0,17,26,205.0,3,273.0,67.0,12.0,11.780458641756038,55.5,0.0,0,0,0.0,0.0,1.0,0.0,0.0,0,0,0,00-0037755,8219
552,00-0037801,Kavontae Turpin,WR,10110,3,17.0,0,1.0,0,1,2,9.0,0,13.0,5.0,0.0,-1.638943190847054,3.6,0.0,0,0,0.0,0.0,0.0,0.0,0.0,0,0,0,00-0037801,8917
553,00-0037805,Jeremy Ruckert,TE,2022,0,0.0,0,0.0,0,0,1,0.0,0,0.0,0.0,0.0,-0.5085544146131724,0.0,0.0,0,0,0.0,0.0,0.0,0.0,0.0,0,0,0,00-0037805,8145
554,00-0037809,Chigoziem Okonkwo,TE,22242,2,-4.0,0,0.0,0,21,31,320.0,2,258.0,169.0,15.0,16.90626012729511,66.6,0.0,0,0,0.0,0.0,0.0,0.0,0.0,0,0,1,00-0037809,8210
555,00-0037816,Romeo Doubs,WR,18198,1,11.0,0,1.0,0,31,50,314.0,3,495.0,155.0,12.0,-6.086269124469254,79.5,0.0,0,0,0.0,0.0,2.0,1.0,0.0,0,0,0,00-0037816,8121
556,00-0037827,Tyrion Davis-Price,RB,4044,16,37.0,0,2.0,0,0,2,0.0,0,0.0,0.0,0.0,-0.9328389226575382,3.7,0.0,0,0,0.0,0.0,0.0,0.0,0.0,0,0,0,00-0037827,8211
557,00-0037828,Danny Gray,WR,8088,0,0.0,0,0.0,0,1,7,10.0,0,160.0,4.0,1.0,-2.9469830194721,2.0,0.0,0,0,0.0,0.0,0.0,0.0,0.0,0,0,0,00-0037828,8176
558,00-0037834,Brock Purdy,QB,10110,11,5.0,1,3.0,0,0,0,0.0,0,0.0,0.0,0.0,0.0,36.94,2.0,0,0,0.0,0.0,0.0,0.0,461.0,4,0,0,00-0037834,8183
559,00-0037838,Isaiah Likely,TE,20220,0,0.0,0,0.0,0,22,37,236.0,2,256.0,107.0,12.0,-1.0604020759198498,57.6,0.0,0,0,0.0,0.0,0.0,0.0,0.0,0,0,0,00-0037838,8131
560,00-0037840,Kyren Williams,RB,10110,25,108.0,0,5.0,0,8,11,73.0,0,23.0,71.0,5.0,-1.4922989991448876,26.1,0.0,0,0,0.0,0.0,0.0,0.0,0.0,0,0,0,00-0037840,8150
561,00-0038040,Zamir White,RB,18198,15,62.0,0,4.0,0,0,0,0.0,0,0.0,0.0,0.0,0.0,6.200000000000001,0.0,0,0,0.0,0.0,0.0,0.0,0.0,0,0,0,00-0038040,8139
562,00-0038041,Jake Ferguson,TE,16176,0,0.0,0,0.0,0,16,19,139.0,2,80.0,86.0,7.0,6.2066227719085845,41.9,0.0,0,0,0.0,0.0,0.0,0.0,0.0,0,0,0,00-0038041,8110
563,00-0038045,Isaiah Spiller,RB,10110,18,41.0,0,2.0,0,3,3,13.0,0,-10.0,23.0,0.0,-0.1510334150516428,8.4,0.0,0,0,0.0,0.0,0.0,0.0,0.0,0,0,0,00-0038045,8153
564,00-0038090,Skyy Moore,WR,22242,1,12.0,0,1.0,0,18,28,212.0,0,254.0,99.0,11.0,3.8013317573805736,40.4,0.0,0,0,0.0,0.0,0.0,0.0,0.0,0,0,0,00-0038090,8168
565,00-0038098,Pierre Strong,RB,4044,6,75.0,1,3.0,0,2,2,20.0,0,-1.0,21.0,1.0,1.6625070578884333,17.5,0.0,0,0,0.0,0.0,0.0,0.0,0.0,0,0,0,00-0038098,8116
566,00-0038102,Kenny Pickett,QB,20220,44,225.0,3,18.0,0,0,0,0.0,0,0.0,0.0,0.0,0.0,112.38000000000001,8.0,1,1,2.0,0.0,0.0,0.0,1797.0,4,1,0,00-0038102,8160
567,00-0038104,Tyquan Thornton,WR,16176,3,16.0,1,1.0,0,16,29,145.0,1,309.0,53.0,9.0,-7.345235779959623,44.1,0.0,0,0,0.0,0.0,0.0,0.0,0.0,0,0,0,00-0038104,8188
568,00-0038108,Bailey Zappe,QB,8088,10,0.0,0,0.0,0,1,1,-6.0,0,-8.0,2.0,0.0,-1.2425923743285239,39.64,3.0,2,2,2.0,1.0,0.0,0.0,781.0,5,0,0,00-0038108,8157
569,00-0038115,Daniel Bellinger,TE,16176,1,2.0,1,1.0,0,24,26,195.0,2,70.0,125.0,12.0,13.406738180405227,61.7,0.0,0,0,0.0,0.0,0.0,0.0,0.0,0,0,0,00-0038115,8225
570,00-0038117,Wan'Dale Robinson,WR,12132,2,-1.0,0,0.0,0,23,31,227.0,1,192.0,126.0,13.0,11.781825616408776,51.599999999999994,0.0,0,0,0.0,0.0,0.0,0.0,0.0,0,0,0,00-0038117,8126
571,00-0038120,Breece Hall,RB,14154,80,463.0,4,20.0,0,19,31,218.0,1,147.0,171.0,8.0,-1.432692304844105,115.10000000000001,0.0,0,0,0.0,0.0,1.0,1.0,0.0,0,0,0,00-0038120,8155
572,00-0038124,Christian Watson,WR,20220,5,68.0,2,2.0,0,25,41,401.0,7,589.0,174.0,17.0,29.571479414447708,125.9,0.0,0,0,0.0,0.0,0.0,0.0,0.0,0,0,0,00-0038124,8167
573,00-0038128,Malik Willis,QB,10110,19,72.0,0,3.0,0,0,0,0.0,0,0.0,0.0,0.0,0.0,7.48,1.0,0,0,2.0,2.0,0.0,0.0,157.0,0,0,0,00-0038128,8161
574,00-0038129,Cade Otton,TE,20220,0,0.0,0,0.0,0,36,50,337.0,2,252.0,150.0,16.0,11.010192229070961,81.7,0.0,0,0,0.0,0.0,0.0,0.0,0.0,0,0,0,00-0038129,8111
575,00-0038134,Kenneth Walker,RB,22242,138,649.0,9,32.0,0,19,26,116.0,0,-61.0,161.0,4.0,-11.29981199739268,149.5,0.0,0,0,0.0,0.0,0.0,0.0,0.0,0,0,0,00-0038134,8151
